name,week,manager,position,roster_position,points,2-PT,Blk Kick,FG 0-19,FG 20-29,FG 30-39,FG 40-49,FG 50+,Fum Lost,Fum Rec,Fum Ret TD,Int,PAT Made,Pass TD,Pass Yds,Pts Allow,Pts Allow 0,Pts Allow 1-6,Pts Allow 14-20,Pts Allow 21-27,Pts Allow 28-34,Pts Allow 35+,Pts Allow 7-13,Rec,Rec TD,Rec Yds,Ret TD,Rush Att,Rush TD,Rush Yds,Sack,Safe,TD,Targets,XPR
Josh Allen,1,Brimbry,QB,QB,17.2,0,,,,,,,1,,0,0,,1,270,,,,,,,,,0,0,0,0,9,0,44,,,,0,
Stefon Diggs,1,Brimbry,WR,WR,11.4,0,,,,,,,0,,0,0,,0,0,,,,,,,,,9,0,69,0,0,0,0,,,,13,
A.J. Brown,1,Brimbry,WR,WR,12.9,0,,,,,,,0,,0,0,,0,0,,,,,,,,,4,1,49,0,0,0,0,,,,8,
Jonathan Taylor,1,Brimbry,RB,RB,14.6,0,,,,,,,0,,0,0,,0,0,,,,,,,,,6,0,60,0,17,0,56,,,,7,
Ty'Son Williams,1,Brimbry,RB,RB,16.9,0,,,,,,,0,,0,0,,0,0,,,,,,,,,3,0,29,0,9,1,65,,,,4,
Noah Fant,1,Brimbry,TE,TE,9.2,0,,,,,,,0,,0,0,,0,0,,,,,,,,,6,0,62,0,0,0,0,,,,8,
Jerry Jeudy,1,Brimbry,WR,W/R/T,10.2,0,,,,,,,0,,0,0,,0,0,,,,,,,,,6,0,72,0,0,0,0,,,,7,
Odell Beckham Jr.,1,Brimbry,WR,BN,0.0,0,,,,,,,0,,0,0,,0,0,,,,,,,,,0,0,0,0,0,0,0,,,,0,
D'Andre Swift,1,Brimbry,RB,BN,20.4,0,,,,,,,0,,0,0,,0,0,,,,,,,,,8,1,65,0,11,0,39,,,,11,
Jaylen Waddle,1,Brimbry,WR,BN,14.1,0,,,,,,,0,,0,0,,0,0,,,,,,,,,4,1,61,0,0,0,0,,,,5,
Trevor Lawrence,1,Brimbry,QB,BN,22.08,0,,,,,,,0,,0,3,,3,332,,,,,,,,,0,0,0,0,1,0,-2,,,,0,
Mike Gesicki,1,Brimbry,TE,BN,0.0,0,,,,,,,0,,0,0,,0,0,,,,,,,,,0,0,0,0,0,0,0,,,,3,
Devin Singletary,1,Brimbry,RB,BN,9.5,0,,,,,,,0,,0,0,,0,0,,,,,,,,,3,0,8,0,11,0,72,,,,5,
Tyler Bass,1,Brimbry,K,K,11.0,,,0,1,1,1,0,,,,,1,,,,,,,,,,,,,,,,,,,,,,
Tampa Bay,1,Brimbry,DEF,DEF,2.0,,0,,,,,,,0,,1,,,,29,0,0,0,0,1,0,0,,,,0,,,,1,0,0,,0
Kyler Murray,1,David,QB,QB,34.56,0,,,,,,,0,,0,1,,4,289,,,,,,,,,0,0,0,0,5,1,20,,,,0,
DeAndre Hopkins,1,David,WR,WR,23.3,0,,,,,,,0,,0,0,,0,0,,,,,,,,,6,2,83,0,0,0,0,,,,8,
Amari Cooper,1,David,WR,WR,32.4,0,,,,,,,0,,0,0,,0,0,,,,,,,,,13,2,139,0,0,0,0,,,,17,
Joe Mixon,1,David,RB,RB,23.0,0,,,,,,,0,,0,0,,0,0,,,,,,,,,4,0,23,0,29,1,127,,,,4,
Antonio Gibson,1,David,RB,RB,10.3,0,,,,,,,1,,0,0,,0,0,,,,,,,,,3,0,18,0,20,0,90,,,,5,
Tyler Higbee,1,David,TE,TE,9.3,0,,,,,,,0,,0,0,,0,0,,,,,,,,,5,0,68,0,0,0,0,,,,6,
Darrell Henderson Jr.,1,David,RB,W/R/T,15.2,0,,,,,,,0,,0,0,,0,0,,,,,,,,,1,0,17,0,16,1,70,,,,1,
Robby Anderson,1,David,WR,BN,12.2,0,,,,,,,0,,0,0,,0,0,,,,,,,,,1,1,57,0,0,0,0,,,,3,
Brandon Aiyuk,1,David,WR,BN,0.0,0,,,,,,,0,,0,0,,0,0,,,,,,,,,0,0,0,0,0,0,0,,,,0,
Corey Davis,1,David,WR,BN,24.2,0,,,,,,,0,,0,0,,0,0,,,,,,,,,5,2,97,0,0,0,0,,,,7,
Trey Lance,1,David,QB,BN,4.4,0,,,,,,,0,,0,0,,1,5,,,,,,,,,0,0,0,0,3,0,2,,,,0,
Darnell Mooney,1,David,WR,BN,5.1,0,,,,,,,0,,0,0,,0,0,,,,,,,,,5,0,26,0,0,0,0,,,,7,
James White,1,David,RB,BN,9.1,0,,,,,,,0,,0,0,,0,0,,,,,,,,,6,0,49,0,4,0,12,,,,7,
Daniel Carlson,1,David,K,K,11.0,,,0,0,1,0,1,,,,,3,,,,,,,,,,,,,,,,,,,,,,
New England,1,David,DEF,DEF,5.0,,0,,,,,,,0,,1,,,,17,0,0,1,0,0,0,0,,,,0,,,,2,0,0,,0
Michael Thomas,1,David,WR,IR,0.0,0,,,,,,,0,,0,0,,0,0,,,,,,,,,0,0,0,0,0,0,0,,,,0,
Matthew Stafford,1,Steve-Dave,QB,QB,24.34,0,,,,,,,0,,0,0,,3,321,,,,,,,,,0,0,0,0,5,0,-5,,,,0,
Cooper Kupp,1,Steve-Dave,WR,WR,20.3,0,,,,,,,0,,0,0,,0,0,,,,,,,,,7,1,108,0,0,0,0,,,,10,
Adam Thielen,1,Steve-Dave,WR,WR,25.7,0,,,,,,,0,,0,0,,0,0,,,,,,,,,9,2,92,0,0,0,0,,,,10,
Nick Chubb,1,Steve-Dave,RB,RB,21.1,0,,,,,,,1,,0,0,,0,0,,,,,,,,,2,0,18,0,15,2,83,,,,2,
Christian McCaffrey,1,Steve-Dave,RB,RB,23.2,0,,,,,,,0,,0,0,,0,0,,,,,,,,,9,0,89,0,21,0,98,,,,9,
Travis Kelce,1,Steve-Dave,TE,TE,22.6,0,,,,,,,0,,0,0,,0,0,,,,,,,,,6,2,76,0,0,0,0,,,,7,
Chase Edmonds,1,Steve-Dave,RB,W/R/T,12.6,0,,,,,,,0,,0,0,,0,0,,,,,,,,,4,0,43,0,12,0,63,,,,4,
Allen Lazard,1,Steve-Dave,WR,BN,2.6,0,,,,,,,0,,0,0,,0,0,,,,,,,,,2,0,16,0,0,0,0,,,,4,
Justin Fields,1,Steve-Dave,QB,BN,6.7,0,,,,,,,0,,0,0,,0,10,,,,,,,,,0,0,0,0,1,1,3,,,,0,
Mike Williams,1,Steve-Dave,WR,BN,18.2,0,,,,,,,0,,0,0,,0,0,,,,,,,,,8,1,82,0,0,0,0,,,,12,
Marquez Callaway,1,Steve-Dave,WR,BN,1.9,0,,,,,,,0,,0,0,,0,0,,,,,,,,,1,0,14,0,0,0,0,,,,2,
Rashaad Penny,1,Steve-Dave,RB,BN,0.8,0,,,,,,,0,,0,0,,0,0,,,,,,,,,0,0,0,0,2,0,8,,,,0,
Evan Engram,1,Steve-Dave,TE,BN,0.0,0,,,,,,,0,,0,0,,0,0,,,,,,,,,0,0,0,0,0,0,0,,,,0,
Matt Prater,1,Steve-Dave,K,K,8.0,,,0,0,1,0,0,,,,,5,,,,,,,,,,,,,,,,,,,,,,
Carolina,1,Steve-Dave,DEF,DEF,9.0,,0,,,,,,,0,,1,,,,14,0,0,1,0,0,0,0,,,,0,,,,6,0,0,,0
Lamar Jackson,1,Collin,QB,QB,18.0,0,,,,,,,2,,0,0,,1,235,,,,,,,,,0,0,0,0,12,0,86,,,,0,
Keenan Allen,1,Collin,WR,WR,14.5,0,,,,,,,0,,0,0,,0,0,,,,,,,,,9,0,100,0,0,0,0,,,,13,
Brandin Cooks,1,Collin,WR,WR,15.7,0,,,,,,,0,,0,0,,0,0,,,,,,,,,5,0,132,0,0,0,0,,,,7,
Ezekiel Elliott,1,Collin,RB,RB,4.9,0,,,,,,,0,,0,0,,0,0,,,,,,,,,2,0,6,0,11,0,33,,,,2,
Raheem Mostert,1,Collin,RB,RB,2.0,0,,,,,,,0,,0,0,,0,0,,,,,,,,,0,0,0,0,2,0,20,,,,0,
George Kittle,1,Collin,TE,TE,9.8,0,,,,,,,0,,0,0,,0,0,,,,,,,,,4,0,78,0,0,0,0,,,,5,
Clyde Edwards-Helaire,1,Collin,RB,W/R/T,8.7,0,,,,,,,0,,0,0,,0,0,,,,,,,,,3,0,29,0,14,0,43,,,,3,
Diontae Johnson,1,Collin,WR,BN,12.1,0,,,,,,,0,,0,0,,0,0,,,,,,,,,5,1,36,0,0,0,0,,,,10,
Ja'Marr Chase,1,Collin,WR,BN,18.4,0,,,,,,,0,,0,0,,0,0,,,,,,,,,5,1,101,0,1,0,-2,,,,7,
Joe Burrow,1,Collin,QB,BN,18.64,0,,,,,,,0,,0,0,,2,261,,,,,,,,,0,0,0,0,1,0,2,,,,0,
Marvin Jones Jr.,1,Collin,WR,BN,16.2,0,,,,,,,0,,0,0,,0,0,,,,,,,,,5,1,77,0,0,0,0,,,,9,
Sony Michel,1,Collin,RB,BN,0.2,0,,,,,,,0,,0,0,,0,0,,,,,,,,,0,0,0,0,1,0,2,,,,0,
Jason Sanders,1,Collin,K,K,6.0,,,0,0,0,1,0,,,,,2,,,,,,,,,,,,,,,,,,,,,,
Miami,1,Collin,DEF,DEF,6.0,,0,,,,,,,2,,0,,,,16,0,0,1,0,0,0,0,,,,0,,,,1,0,0,,0
Michael Gallup,1,Collin,WR,IR,5.6,0,,,,,,,0,,0,0,,0,0,,,,,,,,,4,0,36,0,0,0,0,,,,7,
Ryan Tannehill,1,David,QB,QB,15.18,0,,,,,,,2,,0,1,,1,212,,,,,,,,,0,0,0,0,2,1,17,,,,0,
Tyreek Hill,1,David,WR,WR,31.6,0,,,,,,,0,,0,0,,0,0,,,,,,,,,11,1,197,0,1,0,4,,,,15,
Mike Evans,1,David,WR,WR,3.9,0,,,,,,,0,,0,0,,0,0,,,,,,,,,3,0,24,0,0,0,0,,,,6,
Alvin Kamara,1,David,RB,RB,16.6,0,,,,,,,0,,0,0,,0,0,,,,,,,,,3,1,8,0,20,0,83,,,,4,
David Montgomery,1,David,RB,RB,18.3,0,,,,,,,0,,0,0,,0,0,,,,,,,,,1,0,10,0,16,1,108,,,,1,
Mark Andrews,1,David,TE,TE,3.5,0,,,,,,,0,,0,0,,0,0,,,,,,,,,3,0,20,0,0,0,0,,,,5,
Leonard Fournette,1,David,RB,W/R/T,8.4,0,,,,,,,0,,0,0,,0,0,,,,,,,,,5,0,27,0,9,0,32,,,,7,
Julio Jones,1,David,WR,BN,4.4,0,,,,,,,0,,0,0,,0,0,,,,,,,,,3,0,29,0,0,0,0,,,,6,
Will Fuller V,1,David,WR,BN,0.0,0,,,,,,,0,,0,0,,0,0,,,,,,,,,0,0,0,0,0,0,0,,,,0,
James Conner,1,David,RB,BN,5.3,0,,,,,,,0,,0,0,,0,0,,,,,,,,,0,0,0,0,16,0,53,,,,0,
Matt Ryan,1,David,QB,BN,7.36,0,,,,,,,0,,0,0,,0,164,,,,,,,,,0,0,0,0,2,0,8,,,,0,
Jared Cook,1,David,TE,BN,8.1,0,,,,,,,0,,0,0,,0,0,,,,,,,,,5,0,56,0,0,0,0,,,,8,
Devonta Freeman,1,David,RB,BN,0.0,0,,,,,,,0,,0,0,,0,0,,,,,,,,,0,0,0,0,0,0,0,,,,0,
Ryan Succop,1,David,K,K,7.0,,,0,0,1,0,0,,,,,4,,,,,,,,,,,,,,,,,,,,,,
San Francisco,1,David,DEF,DEF,10.0,,0,,,,,,,0,,1,,,,33,0,0,0,0,1,0,0,,,,0,,,,3,0,1,,0
Aaron Rodgers,1,Tony Smith,QB,QB,3.32,0,,,,,,,0,,0,2,,0,133,,,,,,,,,0,0,0,0,0,0,0,,,,0,
Calvin Ridley,1,Tony Smith,WR,WR,7.6,0,,,,,,,0,,0,0,,0,0,,,,,,,,,5,0,51,0,0,0,0,,,,8,
CeeDee Lamb,1,Tony Smith,WR,WR,19.9,0,,,,,,,0,,0,0,,0,0,,,,,,,,,7,1,104,0,0,0,0,,,,15,
Aaron Jones,1,Tony Smith,RB,RB,3.2,0,,,,,,,0,,0,0,,0,0,,,,,,,,,2,0,13,0,5,0,9,,,,2,
Chris Carson,1,Tony Smith,RB,RB,11.2,0,,,,,,,1,,0,0,,0,0,,,,,,,,,3,0,26,0,16,0,91,,,,3,
Logan Thomas,1,Tony Smith,TE,TE,10.5,0,,,,,,,0,,0,0,,0,0,,,,,,,,,3,1,30,0,0,0,0,,,,3,
Robert Woods,1,Tony Smith,WR,W/R/T,10.9,0,,,,,,,0,,0,0,,0,0,,,,,,,,,3,1,27,0,1,0,7,,,,4,
Deebo Samuel,1,Tony Smith,WR,BN,27.4,0,,,,,,,1,,0,0,,0,0,,,,,,,,,9,1,189,0,0,0,0,,,,12,
Dak Prescott,1,Tony Smith,QB,BN,28.42,0,,,,,,,0,,0,1,,3,403,,,,,,,,,0,0,0,0,4,0,13,,,,0,
Miles Sanders,1,Tony Smith,RB,BN,15.3,1,,,,,,,0,,0,0,,0,0,,,,,,,,,4,0,39,0,15,0,74,,,,5,
Tyler Boyd,1,Tony Smith,WR,BN,4.7,0,,,,,,,0,,0,0,,0,0,,,,,,,,,3,0,32,0,0,0,0,,,,4,
Javonte Williams,1,Tony Smith,RB,BN,4.6,0,,,,,,,0,,0,0,,0,0,,,,,,,,,1,0,-4,0,14,0,45,,,,1,
Dallas Goedert,1,Tony Smith,TE,BN,12.2,0,,,,,,,0,,0,0,,0,0,,,,,,,,,4,1,42,0,0,0,0,,,,5,
Harrison Butker,1,Tony Smith,K,K,10.0,,,0,1,0,1,0,,,,,3,,,,,,,,,,,,,,,,,,,,,,
Baltimore,1,Tony Smith,DEF,DEF,4.0,,0,,,,,,,0,,1,,,,33,0,0,0,0,1,0,0,,,,0,,,,3,0,0,,0
Tom Brady,1,Joel Gitar,QB,QB,29.16,0,,,,,,,0,,0,2,,4,379,,,,,,,,,0,0,0,0,0,0,0,,,,0,
DK Metcalf,1,Joel Gitar,WR,WR,14.0,0,,,,,,,0,,0,0,,0,0,,,,,,,,,4,1,60,0,0,0,0,,,,5,
Terry McLaurin,1,Joel Gitar,WR,WR,8.2,0,,,,,,,0,,0,0,,0,0,,,,,,,,,4,0,62,0,0,0,0,,,,4,
Dalvin Cook,1,Joel Gitar,RB,RB,17.4,0,,,,,,,1,,0,0,,0,0,,,,,,,,,6,0,43,0,20,1,61,,,,7,
Najee Harris,1,Joel Gitar,RB,RB,5.4,0,,,,,,,0,,0,0,,0,0,,,,,,,,,1,0,4,0,16,0,45,,,,3,
Kyle Pitts,1,Joel Gitar,TE,TE,5.1,0,,,,,,,0,,0,0,,0,0,,,,,,,,,4,0,31,0,0,0,0,,,,8,
Josh Jacobs,1,Joel Gitar,RB,W/R/T,16.5,0,,,,,,,0,,0,0,,0,0,,,,,,,,,1,0,6,0,10,2,34,,,,2,
JuJu Smith-Schuster,1,Joel Gitar,WR,BN,7.2,0,,,,,,,0,,0,0,,0,0,,,,,,,,,4,0,52,0,0,0,0,,,,8,
Melvin Gordon III,1,Joel Gitar,RB,BN,19.3,0,,,,,,,0,,0,0,,0,0,,,,,,,,,3,0,17,0,11,1,101,,,,3,
Baker Mayfield,1,Joel Gitar,QB,BN,13.64,0,,,,,,,0,,0,1,,0,321,,,,,,,,,0,0,11,0,1,0,7,,,,0,
Mecole Hardman,1,Joel Gitar,WR,BN,3.4,0,,,,,,,0,,0,0,,0,0,,,,,,,,,3,0,19,0,0,0,0,,,,3,
Henry Ruggs III,1,Joel Gitar,WR,BN,5.6,0,,,,,,,0,,0,0,,0,0,,,,,,,,,2,0,46,0,0,0,0,,,,5,
Rob Gronkowski,1,Joel Gitar,TE,BN,25.0,0,,,,,,,0,,0,0,,0,0,,,,,,,,,8,2,90,0,0,0,0,,,,8,
Matt Gay,1,Joel Gitar,K,K,12.0,,,0,1,0,0,1,,,,,4,,,,,,,,,,,,,,,,,,,,,,
Denver,1,Joel Gitar,DEF,DEF,8.0,,0,,,,,,,1,,0,,,,13,0,0,0,0,0,0,1,,,,0,,,,2,0,0,,0
Russell Wilson,1,Samuel,QB,QB,27.06,0,,,,,,,0,,0,0,,4,254,,,,,,,,,0,0,0,0,5,0,9,,,,0,
Tyler Lockett,1,Samuel,WR,WR,24.0,0,,,,,,,0,,0,0,,0,0,,,,,,,,,4,2,100,0,0,0,0,,,,5,
Antonio Brown,1,Samuel,WR,WR,21.2,0,,,,,,,0,,0,0,,0,0,,,,,,,,,5,1,121,0,1,0,6,,,,7,
Austin Ekeler,1,Samuel,RB,RB,11.7,0,,,,,,,0,,0,0,,0,0,,,,,,,,,0,0,0,0,15,1,57,,,,0,
Mike Davis,1,Samuel,RB,RB,8.7,0,,,,,,,0,,0,0,,0,0,,,,,,,,,3,0,23,0,15,0,49,,,,6,
Darren Waller,1,Samuel,TE,TE,21.5,0,,,,,,,0,,0,0,,0,0,,,,,,,,,10,1,105,0,0,0,0,,,,19,
Tee Higgins,1,Samuel,WR,W/R/T,13.8,0,,,,,,,0,,0,0,,0,0,,,,,,,,,4,1,58,0,0,0,0,,,,5,
Damien Harris,1,Samuel,RB,BN,10.7,0,,,,,,,1,,0,0,,0,0,,,,,,,,,2,0,17,0,23,0,100,,,,3,
Chase Claypool,1,Samuel,WR,BN,8.5,0,,,,,,,0,,0,0,,0,0,,,,,,,,,3,0,45,0,1,0,25,,,,5,
Myles Gaskin,1,Samuel,RB,BN,10.1,0,,,,,,,0,,0,0,,0,0,,,,,,,,,5,0,27,0,9,0,49,,,,5,
Jalen Hurts,1,Samuel,QB,BN,28.76,0,,,,,,,0,,0,0,,3,264,,,,,,,,,0,0,0,0,7,0,62,,,,0,
Jakobi Meyers,1,Samuel,WR,BN,7.4,0,,,,,,,0,,0,0,,0,0,,,,,,,,,6,0,44,0,0,0,0,,,,9,
Le'Veon Bell,1,Samuel,RB,BN,0.0,0,,,,,,,0,,0,0,,0,0,,,,,,,,,0,0,0,0,0,0,0,,,,0,
Justin Tucker,1,Samuel,K,K,11.0,,,0,0,0,2,0,,,,,3,,,,,,,,,,,,,,,,,,,,,,
Buffalo,1,Samuel,DEF,DEF,2.0,,0,,,,,,,0,,0,,,,23,0,0,0,1,0,0,0,,,,0,,,,2,0,0,,0
Justin Herbert,1,Alex,QB,QB,14.38,0,,,,,,,1,,0,1,,1,337,,,,,,,,,0,0,0,0,4,0,-1,,,,0,
Davante Adams,1,Alex,WR,WR,8.1,0,,,,,,,0,,0,0,,0,0,,,,,,,,,5,0,56,0,0,0,0,,,,7,
Justin Jefferson,1,Alex,WR,WR,10.04,0,,,,,,,0,,0,0,,0,11,,,,,,,,,5,0,71,0,0,0,0,,,,9,
Derrick Henry,1,Alex,RB,RB,9.2,0,,,,,,,0,,0,0,,0,0,,,,,,,,,3,0,19,0,17,0,58,,,,4,
James Robinson,1,Alex,RB,RB,6.9,0,,,,,,,0,,0,0,,0,0,,,,,,,,,3,0,29,0,5,0,25,,,,6,
Jonnu Smith,1,Alex,TE,TE,7.3,0,,,,,,,0,,0,0,,0,0,,,,,,,,,5,0,42,0,1,0,6,,,,5,
DJ Moore,1,Alex,WR,W/R/T,12.4,0,,,,,,,0,,0,0,,0,0,,,,,,,,,6,0,80,0,1,0,14,,,,8,
Courtland Sutton,1,Alex,WR,BN,1.9,0,,,,,,,0,,0,0,,0,0,,,,,,,,,1,0,14,0,0,0,0,,,,3,
Ryan Fitzpatrick,1,Alex,QB,BN,0.72,0,,,,,,,0,,0,0,,0,13,,,,,,,,,0,0,0,0,1,0,2,,,,0,
Kenyan Drake,1,Alex,RB,BN,9.5,0,,,,,,,0,,0,0,,0,0,,,,,,,,,5,0,59,0,6,0,11,,,,5,
DeVonta Smith,1,Alex,WR,BN,16.1,0,,,,,,,0,,0,0,,0,0,,,,,,,,,6,1,71,0,0,0,0,,,,8,
Hunter Henry,1,Alex,TE,BN,4.6,0,,,,,,,0,,0,0,,0,0,,,,,,,,,3,0,31,0,0,0,0,,,,3,
Justin Jackson,1,Alex,RB,BN,1.2,0,,,,,,,0,,0,0,,0,0,,,,,,,,,1,0,2,0,1,0,5,,,,1,
Mason Crosby,1,Alex,K,K,3.0,,,0,0,1,0,0,,,,,0,,,,,,,,,,,,,,,,,,,,,,
Jacksonville,1,Alex,DEF,DEF,-3.0,,0,,,,,,,0,,0,,,,37,0,0,0,0,0,1,0,,,,0,,,,1,0,0,,0
Patrick Mahomes,1,brandon,QB,QB,33.28,0,,,,,,,0,,0,0,,3,337,,,,,,,,,0,0,0,0,5,1,18,,,,0,
Allen Robinson II,1,brandon,WR,WR,6.5,0,,,,,,,0,,0,0,,0,0,,,,,,,,,6,0,35,0,0,0,0,,,,11,
Chris Godwin,1,brandon,WR,WR,19.0,0,,,,,,,1,,0,0,,0,0,,,,,,,,,9,1,105,0,0,0,0,,,,13,
Saquon Barkley,1,brandon,RB,RB,3.2,0,,,,,,,0,,0,0,,0,0,,,,,,,,,1,0,1,0,10,0,26,,,,3,
Trey Sermon,1,brandon,RB,RB,0.0,0,,,,,,,0,,0,0,,0,0,,,,,,,,,0,0,0,0,0,0,0,,,,0,
T.J. Hockenson,1,brandon,TE,TE,21.7,1,,,,,,,0,,0,0,,0,0,,,,,,,,,8,1,97,0,0,0,0,,,,11,
Ronald Jones II,1,brandon,RB,W/R/T,-0.6,0,,,,,,,1,,0,0,,0,0,,,,,,,,,0,0,0,0,4,0,14,,,,0,
Kareem Hunt,1,brandon,RB,BN,15.6,1,,,,,,,0,,0,0,,0,0,,,,,,,,,3,0,28,0,6,1,33,,,,3,
AJ Dillon,1,brandon,RB,BN,3.1,0,,,,,,,0,,0,0,,0,0,,,,,,,,,1,0,7,0,4,0,19,,,,2,
Gerald Everett,1,brandon,TE,BN,9.0,0,,,,,,,0,,0,0,,0,0,,,,,,,,,2,1,20,0,0,0,0,,,,2,
Kenny Golladay,1,brandon,WR,BN,8.4,0,,,,,,,0,,0,0,,0,0,,,,,,,,,4,0,64,0,0,0,0,,,,6,
Robert Tonyan,1,brandon,TE,BN,1.8,0,,,,,,,0,,0,0,,0,0,,,,,,,,,2,0,8,0,0,0,0,,,,4,
Jameis Winston,1,brandon,QB,BN,29.62,0,,,,,,,0,,0,0,,5,148,,,,,,,,,0,0,0,0,6,0,37,,,,0,
Younghoe Koo,1,brandon,K,K,6.0,,,0,2,0,0,0,,,,,0,,,,,,,,,,,,,,,,,,,,,,
Los Angeles,1,brandon,DEF,DEF,8.0,,0,,,,,,,1,,1,,,,14,0,0,1,0,0,0,0,,,,0,,,,3,0,0,,0
Josh Allen,2,Brimbry,QB,QB,17.66,0,,,,,,,0,,0,1,,2,179,,,,,,,,,0,0,0,0,5,0,35,,,,0,
Stefon Diggs,2,Brimbry,WR,WR,14.0,0,,,,,,,0,,0,0,,0,0,,,,,,,,,4,1,60,0,0,0,0,,,,8,
A.J. Brown,2,Brimbry,WR,WR,5.8,0,,,,,,,0,,0,0,,0,0,,,,,,,,,3,0,43,0,0,0,0,,,,9,
Jonathan Taylor,2,Brimbry,RB,RB,5.8,0,,,,,,,0,,0,0,,0,0,,,,,,,,,1,0,2,0,15,0,51,,,,1,
D'Andre Swift,2,Brimbry,RB,RB,9.8,0,,,,,,,0,,0,0,,0,0,,,,,,,,,4,0,41,0,8,0,37,,,,5,
Noah Fant,2,Brimbry,TE,TE,11.3,0,,,,,,,0,,0,0,,0,0,,,,,,,,,4,1,33,0,0,0,0,,,,6,
Devin Singletary,2,Brimbry,RB,W/R/T,16.1,0,,,,,,,0,,0,0,,0,0,,,,,,,,,2,0,9,0,13,1,82,,,,3,
Marquise Brown,2,Brimbry,WR,BN,20.3,0,,,,,,,0,,0,0,,0,0,,,,,,,,,6,1,113,0,0,0,0,,,,10,
Jaylen Waddle,2,Brimbry,WR,BN,5.8,0,,,,,,,1,,0,0,,0,0,,,,,,,,,6,0,48,0,0,0,0,,,,8,
Ty'Son Williams,2,Brimbry,RB,BN,10.3,0,,,,,,,0,,0,0,,0,0,,,,,,,,,2,0,16,0,13,0,77,,,,2,
Odell Beckham Jr.,2,Brimbry,WR,BN,0.0,0,,,,,,,0,,0,0,,0,0,,,,,,,,,0,0,0,0,0,0,0,,,,0,
Trevor Lawrence,2,Brimbry,QB,BN,8.82,0,,,,,,,0,,0,2,,1,118,,,,,,,,,0,0,0,0,2,0,21,,,,0,
Mark Ingram II,2,Brimbry,RB,BN,4.5,0,,,,,,,0,,0,0,,0,0,,,,,,,,,1,0,-1,0,14,0,41,,,,2,
Tyler Bass,2,Brimbry,K,K,5.0,,,0,0,0,0,0,,,,,5,,,,,,,,,,,,,,,,,,,,,,
Tampa Bay,2,Brimbry,DEF,DEF,19.0,,0,,,,,,,0,,3,,,,25,0,0,0,1,0,0,0,,,,0,,,,1,0,2,,0
Jerry Jeudy,2,Brimbry,WR,IR,0.0,0,,,,,,,0,,0,0,,0,0,,,,,,,,,0,0,0,0,0,0,0,,,,0,
Matthew Stafford,2,Steve-Dave,QB,QB,18.22,0,,,,,,,0,,0,1,,2,278,,,,,,,,,0,0,0,0,2,0,1,,,,0,
Cooper Kupp,2,Steve-Dave,WR,WR,32.3,0,,,,,,,0,,0,0,,0,0,,,,,,,,,9,2,163,0,1,0,-5,,,,11,
Adam Thielen,2,Steve-Dave,WR,WR,12.9,0,,,,,,,0,,0,0,,0,0,,,,,,,,,6,1,39,0,0,0,0,,,,7,
Nick Chubb,2,Steve-Dave,RB,RB,16.3,0,,,,,,,0,,0,0,,0,0,,,,,,,,,1,0,3,0,11,1,95,,,,1,
Christian McCaffrey,2,Steve-Dave,RB,RB,22.2,0,,,,,,,0,,0,0,,0,0,,,,,,,,,5,0,65,0,24,1,72,,,,6,
Travis Kelce,2,Steve-Dave,TE,TE,20.4,0,,,,,,,0,,0,0,,0,0,,,,,,,,,7,1,109,0,0,0,0,,,,8,
Chase Edmonds,2,Steve-Dave,RB,W/R/T,10.0,0,,,,,,,0,,0,0,,0,0,,,,,,,,,5,0,29,0,8,0,46,,,,5,
Allen Lazard,2,Steve-Dave,WR,BN,0.0,0,,,,,,,0,,0,0,,0,0,,,,,,,,,0,0,0,0,0,0,0,,,,0,
Justin Fields,2,Steve-Dave,QB,BN,4.5,0,,,,,,,0,,0,1,,0,60,,,,,,,,,0,0,0,0,10,0,31,,,,0,
Mike Williams,2,Steve-Dave,WR,BN,18.6,0,,,,,,,0,,0,0,,0,0,,,,,,,,,7,1,91,0,0,0,0,,,,10,
Marquez Callaway,2,Steve-Dave,WR,BN,1.8,0,,,,,,,0,,0,0,,0,0,,,,,,,,,2,0,8,0,0,0,0,,,,4,
Rashaad Penny,2,Steve-Dave,RB,BN,0.0,0,,,,,,,0,,0,0,,0,0,,,,,,,,,0,0,0,0,0,0,0,,,,0,
Evan Engram,2,Steve-Dave,TE,BN,0.0,0,,,,,,,0,,0,0,,0,0,,,,,,,,,0,0,0,0,0,0,0,,,,0,
Matt Prater,2,Steve-Dave,K,K,12.0,,,0,1,0,0,1,,,,,4,,,,,,,,,,,,,,,,,,,,,,
Green Bay,2,Steve-Dave,DEF,DEF,6.0,,0,,,,,,,1,,1,,,,17,0,0,1,0,0,0,0,,,,0,,,,1,0,0,,0
Kyler Murray,2,David,QB,QB,35.1,0,,,,,,,0,,0,2,,3,400,,,,,,,,,0,0,0,0,5,1,31,,,,0,
DeAndre Hopkins,2,David,WR,WR,13.4,0,,,,,,,0,,0,0,,0,0,,,,,,,,,4,1,54,0,0,0,0,,,,4,
Amari Cooper,2,David,WR,WR,3.9,0,,,,,,,0,,0,0,,0,0,,,,,,,,,3,0,24,0,0,0,0,,,,5,
Joe Mixon,2,David,RB,RB,7.6,0,,,,,,,0,,0,0,,0,0,,,,,,,,,1,0,2,0,20,0,69,,,,2,
Antonio Gibson,2,David,RB,RB,8.3,0,,,,,,,0,,0,0,,0,0,,,,,,,,,2,0,4,0,13,0,69,,,,2,
Tyler Higbee,2,David,TE,TE,1.3,0,,,,,,,0,,0,0,,0,0,,,,,,,,,1,0,8,0,0,0,0,,,,1,
Darrell Henderson Jr.,2,David,RB,W/R/T,15.7,0,,,,,,,0,,0,0,,0,0,,,,,,,,,3,0,29,0,13,1,53,,,,5,
Brandon Aiyuk,2,David,WR,BN,1.1,0,,,,,,,0,,0,0,,0,0,,,,,,,,,1,0,6,0,0,0,0,,,,2,
Corey Davis,2,David,WR,BN,1.8,0,,,,,,,0,,0,0,,0,0,,,,,,,,,2,0,8,0,0,0,0,,,,5,
Trey Lance,2,David,QB,BN,0.0,0,,,,,,,0,,0,0,,0,0,,,,,,,,,0,0,0,0,0,0,0,,,,0,
Darnell Mooney,2,David,WR,BN,9.6,0,,,,,,,0,,0,0,,0,0,,,,,,,,,6,0,66,0,0,0,0,,,,8,
James White,2,David,RB,BN,15.5,0,,,,,,,0,,0,0,,0,0,,,,,,,,,6,0,45,0,5,1,20,,,,6,
Robert Tonyan,2,David,TE,BN,12.7,0,,,,,,,0,,0,0,,0,0,,,,,,,,,3,1,52,0,0,0,0,,,,3,
Greg Zuerlein,2,David,K,K,10.0,,,0,0,1,0,1,,,,,2,,,,,,,,,,,,,,,,,,,,,,
New England,2,David,DEF,DEF,19.0,,0,,,,,,,0,,4,,,,6,0,1,0,0,0,0,0,,,,0,,,,4,0,0,,0
Michael Thomas,2,David,WR,IR,0.0,0,,,,,,,0,,0,0,,0,0,,,,,,,,,0,0,0,0,0,0,0,,,,0,
Patrick Mahomes,2,brandon,QB,QB,25.02,0,,,,,,,0,,0,1,,3,343,,,,,,,,,0,0,0,0,1,0,3,,,,0,
Chris Godwin,2,brandon,WR,WR,14.2,0,,,,,,,0,,0,0,,0,0,,,,,,,,,4,1,62,0,0,0,0,,,,5,
Jarvis Landry,2,brandon,WR,WR,1.4,0,,,,,,,0,,0,0,,0,0,,,,,,,,,1,0,9,0,0,0,0,,,,1,
Eli Mitchell,2,brandon,RB,RB,6.3,0,,,,,,,0,,0,0,,0,0,,,,,,,,,2,0,11,0,17,0,42,,,,2,
Kareem Hunt,2,brandon,RB,RB,5.8,0,,,,,,,0,,0,0,,0,0,,,,,,,,,1,0,2,0,13,0,51,,,,1,
T.J. Hockenson,2,brandon,TE,TE,16.6,0,,,,,,,0,,0,0,,0,0,,,,,,,,,8,1,66,0,0,0,0,,,,9,
Allen Robinson II,2,brandon,WR,W/R/T,9.4,0,,,,,,,0,,0,0,,0,0,,,,,,,,,2,1,24,0,0,0,0,,,,4,
Saquon Barkley,2,brandon,RB,BN,7.9,0,,,,,,,0,,0,0,,0,0,,,,,,,,,2,0,12,0,13,0,57,,,,3,
Ronald Jones II,2,brandon,RB,BN,4.1,0,,,,,,,0,,0,0,,0,0,,,,,,,,,1,0,9,0,6,0,27,,,,3,
Gerald Everett,2,brandon,TE,BN,0.8,0,,,,,,,0,,0,0,,0,0,,,,,,,,,1,0,3,0,0,0,0,,,,2,
Kenny Golladay,2,brandon,WR,BN,5.3,0,,,,,,,0,,0,0,,0,0,,,,,,,,,3,0,38,0,0,0,0,,,,8,
Jameis Winston,2,brandon,QB,BN,10.34,0,,,,,,,0,,0,2,,0,111,,,,,,,,,0,0,0,0,3,1,19,,,,0,
Laviska Shenault Jr.,2,brandon,WR,BN,0.7,0,,,,,,,0,,0,0,,0,0,,,,,,,,,2,0,-3,0,1,0,0,,,,7,
Younghoe Koo,2,brandon,K,K,5.0,,,0,0,1,0,0,,,,,2,,,,,,,,,,,,,,,,,,,,,,
Los Angeles,2,brandon,DEF,DEF,8.0,,0,,,,,,,0,,2,,,,18,0,0,1,0,0,0,0,,,,0,,,,3,0,0,,0
Ryan Tannehill,2,David,QB,QB,14.58,0,,,,,,,1,,0,0,,0,347,,,,,,,,,0,0,0,0,4,0,27,,,,0,
Tyreek Hill,2,David,WR,WR,4.4,0,,,,,,,0,,0,0,,0,0,,,,,,,,,3,0,14,0,1,0,15,,,,4,
Mike Evans,2,David,WR,WR,22.0,0,,,,,,,0,,0,0,,0,0,,,,,,,,,5,2,75,0,0,0,0,,,,9,
Alvin Kamara,2,David,RB,RB,5.0,0,,,,,,,0,,0,0,,0,0,,,,,,,,,4,0,25,0,8,0,5,,,,6,
David Montgomery,2,David,RB,RB,9.4,0,,,,,,,0,,0,0,,0,0,,,,,,,,,3,0,18,0,20,0,61,,,,4,
Mark Andrews,2,David,TE,TE,8.2,0,,,,,,,0,,0,0,,0,0,,,,,,,,,5,0,57,0,0,0,0,,,,5,
Julio Jones,2,David,WR,W/R/T,15.8,0,,,,,,,0,,0,0,,0,0,,,,,,,,,6,0,128,0,0,0,0,,,,8,
Leonard Fournette,2,David,RB,BN,9.6,0,,,,,,,0,,0,0,,0,0,,,,,,,,,4,0,24,0,11,0,52,,,,4,
Will Fuller V,2,David,WR,BN,0.0,0,,,,,,,0,,0,0,,0,0,,,,,,,,,0,0,0,0,0,0,0,,,,0,
James Conner,2,David,RB,BN,2.6,0,,,,,,,0,,0,0,,0,0,,,,,,,,,0,0,0,0,8,0,26,,,,0,
Matt Ryan,2,David,QB,BN,19.3,1,,,,,,,0,,0,3,,2,300,,,,,,,,,0,0,0,0,2,0,3,,,,0,
Jared Cook,2,David,TE,BN,4.3,0,,,,,,,0,,0,0,,0,0,,,,,,,,,3,0,28,0,0,0,0,,,,5,
Devonta Freeman,2,David,RB,BN,2.9,0,,,,,,,0,,0,0,,0,0,,,,,,,,,0,0,0,0,2,0,29,,,,0,
Ryan Succop,2,David,K,K,6.0,,,0,0,0,0,0,,,,,6,,,,,,,,,,,,,,,,,,,,,,
San Francisco,2,David,DEF,DEF,8.0,,1,,,,,,,0,,0,,,,11,0,0,0,0,0,0,1,,,,0,,,,2,0,0,,0
Lamar Jackson,2,Collin,QB,QB,34.26,0,,,,,,,0,,0,2,,1,239,,,,,,,,,0,0,0,0,16,2,107,,,,0,
Diontae Johnson,2,Collin,WR,WR,15.0,0,,,,,,,0,,0,0,,0,0,,,,,,,,,9,0,105,0,0,0,0,,,,12,
Brandin Cooks,2,Collin,WR,WR,18.3,0,,,,,,,0,,0,0,,0,0,,,,,,,,,9,1,78,0,0,0,0,,,,14,
Ezekiel Elliott,2,Collin,RB,RB,16.7,0,,,,,,,0,,0,0,,0,0,,,,,,,,,2,0,26,0,16,1,71,,,,2,
Clyde Edwards-Helaire,2,Collin,RB,RB,2.6,0,,,,,,,1,,0,0,,0,0,,,,,,,,,0,0,0,0,13,0,46,,,,0,
George Kittle,2,Collin,TE,TE,3.7,0,,,,,,,0,,0,0,,0,0,,,,,,,,,4,0,17,0,0,0,0,,,,4,
Keenan Allen,2,Collin,WR,W/R/T,12.8,0,,,,,,,0,,0,0,,0,0,,,,,,,,,4,0,108,0,0,0,0,,,,8,
Javonte Williams,2,Collin,RB,BN,7.9,0,,,,,,,0,,0,0,,0,0,,,,,,,,,1,0,10,0,13,0,64,,,,1,
Ja'Marr Chase,2,Collin,WR,BN,12.4,0,,,,,,,0,,0,0,,0,0,,,,,,,,,2,1,54,0,0,0,0,,,,4,
Joe Burrow,2,Collin,QB,BN,13.28,0,,,,,,,0,,0,3,,2,207,,,,,,,,,0,0,0,0,0,0,0,,,,0,
Marvin Jones Jr.,2,Collin,WR,BN,14.5,0,,,,,,,0,,0,0,,0,0,,,,,,,,,6,1,55,0,0,0,0,,,,11,
Sony Michel,2,Collin,RB,BN,4.6,0,,,,,,,0,,0,0,,0,0,,,,,,,,,0,0,0,0,10,0,46,,,,0,
Jason Sanders,2,Collin,K,K,0.0,,,0,0,0,0,0,,,,,0,,,,,,,,,,,,,,,,,,,,,,
New Orleans,2,Collin,DEF,DEF,6.0,,1,,,,,,,0,,1,,,,26,0,0,0,1,0,0,0,,,,0,,,,2,0,0,,0
Michael Gallup,2,Collin,WR,IR,0.0,0,,,,,,,0,,0,0,,0,0,,,,,,,,,0,0,0,0,0,0,0,,,,0,
Tom Brady,2,Joel Gitar,QB,QB,29.64,0,,,,,,,1,,0,0,,5,276,,,,,,,,,0,0,0,0,1,0,6,,,,0,
DK Metcalf,2,Joel Gitar,WR,WR,8.3,0,,,,,,,0,,0,0,,0,0,,,,,,,,,6,0,53,0,0,0,0,,,,11,
Terry McLaurin,2,Joel Gitar,WR,WR,22.2,0,,,,,,,0,,0,0,,0,0,,,,,,,,,11,1,107,0,0,0,0,,,,14,
Dalvin Cook,2,Joel Gitar,RB,RB,15.8,0,,,,,,,0,,0,0,,0,0,,,,,,,,,2,0,17,0,22,0,131,,,,3,
Najee Harris,2,Joel Gitar,RB,RB,16.6,0,,,,,,,0,,0,0,,0,0,,,,,,,,,5,1,43,0,10,0,38,,,,5,
Kyle Pitts,2,Joel Gitar,TE,TE,9.8,0,,,,,,,0,,0,0,,0,0,,,,,,,,,5,0,73,0,0,0,0,,,,6,
Melvin Gordon III,2,Joel Gitar,RB,W/R/T,7.9,0,,,,,,,0,,0,0,,0,0,,,,,,,,,2,0,38,0,13,0,31,,,,2,
Josh Jacobs,2,Joel Gitar,RB,BN,0.0,0,,,,,,,0,,0,0,,0,0,,,,,,,,,0,0,0,0,0,0,0,,,,0,
JuJu Smith-Schuster,2,Joel Gitar,WR,BN,13.4,0,,,,,,,0,,0,0,,0,0,,,,,,,,,6,0,41,0,1,1,3,,,,7,
Baker Mayfield,2,Joel Gitar,QB,BN,18.52,0,,,,,,,0,,0,1,,1,213,,,,,,,,,0,0,0,0,8,1,10,,,,0,
Mecole Hardman,2,Joel Gitar,WR,BN,8.0,0,,,,,,,0,,0,0,,0,0,,,,,,,,,5,0,55,0,0,0,0,,,,8,
Henry Ruggs III,2,Joel Gitar,WR,BN,20.0,0,,,,,,,0,,0,0,,0,0,,,,,,,,,5,1,113,0,1,0,2,,,,7,
Rob Gronkowski,2,Joel Gitar,TE,BN,17.9,0,,,,,,,0,,0,0,,0,0,,,,,,,,,4,2,39,0,0,0,0,,,,5,
Matt Gay,2,Joel Gitar,K,K,9.0,,,0,0,2,0,0,,,,,3,,,,,,,,,,,,,,,,,,,,,,
Denver,2,Joel Gitar,DEF,DEF,9.0,,0,,,,,,,0,,2,,,,13,0,0,0,0,0,0,1,,,,0,,,,1,0,0,,0
Dak Prescott,2,Tony Smith,QB,QB,8.48,0,,,,,,,0,,0,1,,0,237,,,,,,,,,0,0,0,0,0,0,0,,,,0,
CeeDee Lamb,2,Tony Smith,WR,WR,13.4,0,,,,,,,0,,0,0,,0,0,,,,,,,,,8,0,81,0,1,0,13,,,,9,
Calvin Ridley,2,Tony Smith,WR,WR,15.8,0,,,,,,,0,,0,0,,0,0,,,,,,,,,7,1,63,0,0,0,0,,,,10,
Aaron Jones,2,Tony Smith,RB,RB,38.5,0,,,,,,,0,,0,0,,0,0,,,,,,,,,6,3,48,0,17,1,67,,,,6,
Chris Carson,2,Tony Smith,RB,RB,15.1,0,,,,,,,0,,0,0,,0,0,,,,,,,,,0,0,0,0,13,2,31,,,,0,
Logan Thomas,2,Tony Smith,TE,TE,7.0,0,,,,,,,0,,0,0,,0,0,,,,,,,,,5,0,45,0,0,0,0,,,,7,
Deebo Samuel,2,Tony Smith,WR,W/R/T,13.1,0,,,,,,,0,,0,0,,0,0,,,,,,,,,6,0,93,0,2,0,8,,,,8,
Aaron Rodgers,2,Tony Smith,QB,BN,26.8,0,,,,,,,0,,0,0,,4,255,,,,,,,,,0,0,0,0,4,0,6,,,,0,
Robert Woods,2,Tony Smith,WR,BN,9.5,0,,,,,,,0,,0,0,,0,0,,,,,,,,,5,0,64,0,2,0,6,,,,9,
Miles Sanders,2,Tony Smith,RB,BN,6.4,0,,,,,,,0,,0,0,,0,0,,,,,,,,,1,0,4,0,13,0,55,,,,2,
Dallas Goedert,2,Tony Smith,TE,BN,3.4,0,,,,,,,0,,0,0,,0,0,,,,,,,,,2,0,24,0,0,0,0,,,,2,
Jamaal Williams,2,Tony Smith,RB,BN,5.2,0,,,,,,,0,,0,0,,0,0,,,,,,,,,3,0,12,0,7,0,25,,,,3,
Harrison Butker,2,Tony Smith,K,K,5.0,,,0,0,0,0,0,,,,,5,,,,,,,,,,,,,,,,,,,,,,
Washington,2,Tony Smith,DEF,DEF,3.0,,0,,,,,,,0,,0,,,,29,0,0,0,0,1,0,0,,,,0,,,,4,0,0,,0
Pittsburgh,2,Tony Smith,DEF,BN,2.0,,0,,,,,,,0,,0,,,,26,0,0,0,1,0,0,0,,,,0,,,,2,0,0,,0
Justin Herbert,2,Alex,QB,QB,16.72,0,,,,,,,0,,0,2,,1,338,,,,,,,,,0,0,0,0,4,0,12,,,,0,
Davante Adams,2,Alex,WR,WR,16.1,0,,,,,,,0,,0,0,,0,0,,,,,,,,,8,0,121,0,0,0,0,,,,9,
Justin Jefferson,2,Alex,WR,WR,15.5,0,,,,,,,0,,0,0,,0,0,,,,,,,,,6,1,65,0,0,0,0,,,,10,
Derrick Henry,2,Alex,RB,RB,44.7,0,,,,,,,0,,0,0,,0,0,,,,,,,,,6,0,55,0,35,3,182,,,,6,
James Robinson,2,Alex,RB,RB,7.9,0,,,,,,,0,,0,0,,0,0,,,,,,,,,3,0,17,0,11,0,47,,,,3,
Jonnu Smith,2,Alex,TE,TE,4.8,0,,,,,,,0,,0,0,,0,0,,,,,,,,,4,0,28,0,0,0,0,,,,5,
DJ Moore,2,Alex,WR,W/R/T,17.9,0,,,,,,,0,,0,0,,0,0,,,,,,,,,8,1,79,0,0,0,0,,,,11,
Courtland Sutton,2,Alex,WR,BN,20.4,0,,,,,,,0,,0,0,,0,0,,,,,,,,,9,0,159,0,0,0,0,,,,12,
Ryan Fitzpatrick,2,Alex,QB,BN,0.0,0,,,,,,,0,,0,0,,0,0,,,,,,,,,0,0,0,0,0,0,0,,,,0,
Kenyan Drake,2,Alex,RB,BN,8.0,0,,,,,,,0,,0,0,,0,0,,,,,,,,,5,0,46,0,7,0,9,,,,6,
DeVonta Smith,2,Alex,WR,BN,2.6,0,,,,,,,0,,0,0,,0,0,,,,,,,,,2,0,16,0,0,0,0,,,,7,
Hunter Henry,2,Alex,TE,BN,5.2,0,,,,,,,0,,0,0,,0,0,,,,,,,,,2,0,42,0,0,0,0,,,,4,
Justin Jackson,2,Alex,RB,BN,3.4,0,,,,,,,0,,0,0,,0,0,,,,,,,,,1,0,8,0,4,0,21,,,,1,
Robbie Gould,2,Alex,K,K,6.0,,,0,0,0,1,0,,,,,2,,,,,,,,,,,,,,,,,,,,,,
Arizona,2,Alex,DEF,DEF,1.0,,0,,,,,,,0,,0,,,,27,0,0,0,1,0,0,0,,,,0,,,,1,0,0,,0
Russell Wilson,2,Samuel,QB,QB,23.32,0,,,,,,,0,,0,0,,2,343,,,,,,,,,0,0,0,0,3,0,16,,,,0,
Tyler Lockett,2,Samuel,WR,WR,27.8,0,,,,,,,0,,0,0,,0,0,,,,,,,,,8,1,178,0,0,0,0,,,,11,
Antonio Brown,2,Samuel,WR,WR,2.2,0,,,,,,,0,,0,0,,0,0,,,,,,,,,1,0,17,0,0,0,0,,,,3,
Austin Ekeler,2,Samuel,RB,RB,18.0,1,,,,,,,0,,0,0,,0,0,,,,,,,,,9,0,61,0,9,0,54,,,,9,
Damien Harris,2,Samuel,RB,RB,12.9,0,,,,,,,0,,0,0,,0,0,,,,,,,,,1,0,2,0,16,1,62,,,,1,
Darren Waller,2,Samuel,TE,TE,9.0,0,,,,,,,0,,0,0,,0,0,,,,,,,,,5,0,65,0,0,0,0,,,,7,
Tee Higgins,2,Samuel,WR,W/R/T,13.0,0,,,,,,,1,,0,0,,0,0,,,,,,,,,6,1,60,0,0,0,0,,,,10,
Mike Davis,2,Samuel,RB,BN,9.8,0,,,,,,,0,,0,0,,0,0,,,,,,,,,7,0,25,0,9,0,38,,,,7,
Chase Claypool,2,Samuel,WR,BN,8.2,0,,,,,,,0,,0,0,,0,0,,,,,,,,,3,0,70,0,1,0,-3,,,,9,
Myles Gaskin,2,Samuel,RB,BN,6.6,0,,,,,,,0,,0,0,,0,0,,,,,,,,,4,0,21,0,5,0,25,,,,5,
Jalen Hurts,2,Samuel,QB,BN,21.8,0,,,,,,,0,,0,0,,0,190,,,,,,,,,0,0,0,0,10,1,82,,,,1,
Jakobi Meyers,2,Samuel,WR,BN,5.8,0,,,,,,,0,,0,0,,0,0,,,,,,,,,4,0,38,0,0,0,0,,,,6,
Trey Sermon,2,Samuel,RB,BN,0.8,0,,,,,,,0,,0,0,,0,0,,,,,,,,,0,0,0,0,1,0,8,,,,0,
Justin Tucker,2,Samuel,K,K,7.0,,,0,0,0,1,0,,,,,3,,,,,,,,,,,,,,,,,,,,,,
Buffalo,2,Samuel,DEF,DEF,22.0,,0,,,,,,,2,,1,,,,0,1,0,0,0,0,0,0,,,,0,,,,6,0,0,,0
Josh Allen,3,Brimbry,QB,QB,37.22,0,,,,,,,0,,0,0,,4,358,,,,,,,,,0,0,0,0,4,1,9,,,,0,
Stefon Diggs,3,Brimbry,WR,WR,9.2,0,,,,,,,0,,0,0,,0,0,,,,,,,,,6,0,62,0,0,0,0,,,,10,
A.J. Brown,3,Brimbry,WR,WR,0.3,0,,,,,,,0,,0,0,,0,0,,,,,,,,,0,0,0,0,1,0,3,,,,2,
Jonathan Taylor,3,Brimbry,RB,RB,7.7,0,,,,,,,0,,0,0,,0,0,,,,,,,,,1,0,8,0,10,0,64,,,,3,
D'Andre Swift,3,Brimbry,RB,RB,20.2,0,,,,,,,0,,0,0,,0,0,,,,,,,,,7,0,60,0,14,1,47,,,,7,
Noah Fant,3,Brimbry,TE,TE,2.5,0,,,,,,,0,,0,0,,0,0,,,,,,,,,2,0,15,0,0,0,0,,,,3,
Ty'Son Williams,3,Brimbry,RB,W/R/T,2.2,0,,,,,,,0,,0,0,,0,0,,,,,,,,,0,0,0,0,5,0,22,,,,1,
Marquise Brown,3,Brimbry,WR,BN,6.8,0,,,,,,,0,,0,0,,0,0,,,,,,,,,3,0,53,0,0,0,0,,,,7,
Devin Singletary,3,Brimbry,RB,BN,3.1,0,,,,,,,0,,0,0,,0,0,,,,,,,,,1,0,0,0,11,0,26,,,,2,
Jaylen Waddle,3,Brimbry,WR,BN,11.8,0,,,,,,,0,,0,0,,0,0,,,,,,,,,12,0,58,0,0,0,0,,,,13,
Odell Beckham Jr.,3,Brimbry,WR,BN,11.2,0,,,,,,,0,,0,0,,0,0,,,,,,,,,5,0,77,0,1,0,10,,,,9,
Trevor Lawrence,3,Brimbry,QB,BN,9.46,0,,,,,,,2,,0,2,,1,219,,,,,,,,,0,0,0,0,6,0,27,,,,0,
Mark Ingram II,3,Brimbry,RB,BN,2.5,0,,,,,,,0,,0,0,,0,0,,,,,,,,,1,0,-1,0,6,0,21,,,,1,
Tyler Bass,3,Brimbry,K,K,14.0,,,0,2,0,1,0,,,,,4,,,,,,,,,,,,,,,,,,,,,,
Tampa Bay,3,Brimbry,DEF,DEF,0.0,,0,,,,,,,0,,0,,,,34,0,0,0,0,1,0,0,,,,0,,,,1,0,0,,0
Jerry Jeudy,3,Brimbry,WR,IR,0.0,0,,,,,,,0,,0,0,,0,0,,,,,,,,,0,0,0,0,0,0,0,,,,0,
Ryan Tannehill,3,David,QB,QB,23.48,0,,,,,,,0,,0,2,,3,197,,,,,,,,,0,0,0,0,5,0,56,,,,0,
Tyreek Hill,3,David,WR,WR,7.2,0,,,,,,,1,,0,0,,0,0,,,,,,,,,5,0,56,0,1,0,11,,,,7,
Mike Evans,3,David,WR,WR,14.6,0,,,,,,,0,,0,0,,0,0,,,,,,,,,8,0,106,0,0,0,0,,,,10,
Alvin Kamara,3,David,RB,RB,19.3,0,,,,,,,0,,0,0,,0,0,,,,,,,,,3,1,29,0,24,0,89,,,,4,
David Montgomery,3,David,RB,RB,6.5,0,,,,,,,0,,0,0,,0,0,,,,,,,,,2,0,21,0,10,0,34,,,,4,
Mark Andrews,3,David,TE,TE,13.4,0,,,,,,,0,,0,0,,0,0,,,,,,,,,5,0,109,0,0,0,0,,,,7,
Julio Jones,3,David,WR,W/R/T,6.2,0,,,,,,,0,,0,0,,0,0,,,,,,,,,3,0,47,0,0,0,0,,,,4,
Leonard Fournette,3,David,RB,BN,4.9,0,,,,,,,0,,0,0,,0,0,,,,,,,,,3,0,26,0,4,0,8,,,,3,
Will Fuller V,3,David,WR,BN,5.5,1,,,,,,,0,,0,0,,0,0,,,,,,,,,3,0,20,0,0,0,0,,,,6,
James Conner,3,David,RB,BN,17.8,0,,,,,,,0,,0,0,,0,0,,,,,,,,,1,0,10,0,11,2,43,,,,1,
Matt Ryan,3,David,QB,BN,15.62,0,,,,,,,1,,0,0,,2,243,,,,,,,,,0,0,0,0,1,0,-1,,,,0,
Jared Cook,3,David,TE,BN,3.7,0,,,,,,,0,,0,0,,0,0,,,,,,,,,2,0,27,0,0,0,0,,,,3,
Devonta Freeman,3,David,RB,BN,0.8,0,,,,,,,0,,0,0,,0,0,,,,,,,,,0,0,0,0,3,0,8,,,,0,
Ryan Succop,3,David,K,K,6.0,,,0,1,0,0,0,,,,,3,,,,,,,,,,,,,,,,,,,,,,
San Francisco,3,David,DEF,DEF,0.0,,0,,,,,,,0,,0,,,,30,0,0,0,0,1,0,0,,,,0,,,,1,0,0,,0
Kyler Murray,3,David,QB,QB,19.54,0,,,,,,,0,,0,1,,0,316,,,,,,,,,0,0,0,0,7,1,19,,,,0,
DeAndre Hopkins,3,David,WR,WR,3.6,0,,,,,,,0,,0,0,,0,0,,,,,,,,,3,0,21,0,0,0,0,,,,6,
Amari Cooper,3,David,WR,WR,4.1,0,,,,,,,0,,0,0,,0,0,,,,,,,,,3,0,26,0,0,0,0,,,,4,
Joe Mixon,3,David,RB,RB,9.9,0,,,,,,,0,,0,0,,0,0,,,,,,,,,1,0,4,0,18,0,90,,,,1,
Antonio Gibson,3,David,RB,RB,16.9,0,,,,,,,0,,0,0,,0,0,,,,,,,,,1,1,73,0,12,0,31,,,,2,
Tyler Higbee,3,David,TE,TE,12.5,0,,,,,,,0,,0,0,,0,0,,,,,,,,,5,1,40,0,0,0,0,,,,5,
Corey Davis,3,David,WR,W/R/T,6.6,0,,,,,,,0,,0,0,,0,0,,,,,,,,,5,0,41,0,0,0,0,,,,10,
Darrell Henderson Jr.,3,David,RB,BN,0.0,0,,,,,,,0,,0,0,,0,0,,,,,,,,,0,0,0,0,0,0,0,,,,0,
Brandon Aiyuk,3,David,WR,BN,12.5,0,,,,,,,0,,0,0,,0,0,,,,,,,,,4,1,37,0,1,0,8,,,,6,
Trey Lance,3,David,QB,BN,6.1,0,,,,,,,0,,0,0,,0,0,,,,,,,,,0,0,0,0,1,1,1,,,,0,
Darnell Mooney,3,David,WR,BN,1.4,0,,,,,,,0,,0,0,,0,0,,,,,,,,,1,0,9,0,0,0,0,,,,4,
James White,3,David,RB,BN,0.6,0,,,,,,,0,,0,0,,0,0,,,,,,,,,0,0,0,0,1,0,6,,,,1,
Robert Tonyan,3,David,TE,BN,1.1,0,,,,,,,0,,0,0,,0,0,,,,,,,,,1,0,6,0,0,0,0,,,,1,
Greg Zuerlein,3,David,K,K,5.0,,,0,0,0,0,0,,,,,5,,,,,,,,,,,,,,,,,,,,,,
New England,3,David,DEF,DEF,3.0,,0,,,,,,,0,,0,,,,22,0,0,0,1,0,0,0,,,,0,,,,3,0,0,,0
Michael Thomas,3,David,WR,IR,0.0,0,,,,,,,0,,0,0,,0,0,,,,,,,,,0,0,0,0,0,0,0,,,,0,
Matthew Stafford,3,Steve-Dave,QB,QB,29.52,0,,,,,,,0,,0,0,,4,343,,,,,,,,,0,0,0,0,2,0,-2,,,,0,
Cooper Kupp,3,Steve-Dave,WR,WR,26.1,0,,,,,,,0,,0,0,,0,0,,,,,,,,,9,2,96,0,0,0,0,,,,12,
Adam Thielen,3,Steve-Dave,WR,WR,14.0,0,,,,,,,0,,0,0,,0,0,,,,,,,,,6,1,50,0,0,0,0,,,,9,
Nick Chubb,3,Steve-Dave,RB,RB,8.4,0,,,,,,,0,,0,0,,0,0,,,,,,,,,0,0,0,0,22,0,84,,,,0,
Christian McCaffrey,3,Steve-Dave,RB,RB,5.0,0,,,,,,,0,,0,0,,0,0,,,,,,,,,2,0,9,0,7,0,31,,,,2,
Travis Kelce,3,Steve-Dave,TE,TE,13.9,0,,,,,,,0,,0,0,,0,0,,,,,,,,,7,0,104,0,0,0,0,,,,11,
Chase Edmonds,3,Steve-Dave,RB,W/R/T,11.0,0,,,,,,,0,,0,0,,0,0,,,,,,,,,7,0,49,0,11,0,26,,,,8,
Allen Lazard,3,Steve-Dave,WR,BN,4.7,0,,,,,,,0,,0,0,,0,0,,,,,,,,,1,0,42,0,0,0,0,,,,1,
Justin Fields,3,Steve-Dave,QB,BN,3.92,0,,,,,,,0,,0,0,,0,68,,,,,,,,,0,0,0,0,3,0,12,,,,0,
Mike Williams,3,Steve-Dave,WR,BN,29.7,1,,,,,,,0,,0,0,,0,0,,,,,,,,,7,2,122,0,0,0,0,,,,9,
Marquez Callaway,3,Steve-Dave,WR,BN,12.1,0,,,,,,,0,,0,0,,0,0,,,,,,,,,4,1,41,0,0,0,0,,,,5,
Rashaad Penny,3,Steve-Dave,RB,BN,0.0,0,,,,,,,0,,0,0,,0,0,,,,,,,,,0,0,0,0,0,0,0,,,,0,
Evan Engram,3,Steve-Dave,TE,BN,1.1,0,,,,,,,1,,0,0,,0,0,,,,,,,,,2,0,21,0,0,0,0,,,,6,
Matt Prater,3,Steve-Dave,K,K,7.0,,,0,0,1,0,0,,,,,4,,,,,,,,,,,,,,,,,,,,,,
Carolina,3,Steve-Dave,DEF,DEF,8.0,,0,,,,,,,0,,0,,,,9,0,0,0,0,0,0,1,,,,0,,,,4,0,0,,0
Tom Brady,3,Joel Gitar,QB,QB,28.68,0,,,,,,,0,,0,0,,1,432,,,,,,,,,0,0,0,0,3,1,14,,,,0,
DK Metcalf,3,Joel Gitar,WR,WR,19.7,0,,,,,,,0,,0,0,,0,0,,,,,,,,,6,1,107,0,0,0,0,,,,9,
Terry McLaurin,3,Joel Gitar,WR,WR,8.2,0,,,,,,,0,,0,0,,0,0,,,,,,,,,4,0,62,0,0,0,0,,,,7,
Najee Harris,3,Joel Gitar,RB,RB,21.2,0,,,,,,,0,,0,0,,0,0,,,,,,,,,14,0,102,0,14,0,40,,,,19,
Melvin Gordon III,3,Joel Gitar,RB,RB,14.6,0,,,,,,,0,,0,0,,0,0,,,,,,,,,1,0,21,0,18,1,60,,,,2,
Rob Gronkowski,3,Joel Gitar,TE,TE,7.5,0,,,,,,,0,,0,0,,0,0,,,,,,,,,4,0,55,0,0,0,0,,,,8,
JuJu Smith-Schuster,3,Joel Gitar,WR,W/R/T,4.0,0,,,,,,,0,,0,0,,0,0,,,,,,,,,3,0,25,0,0,0,0,,,,4,
Kyle Pitts,3,Joel Gitar,TE,BN,4.5,0,,,,,,,0,,0,0,,0,0,,,,,,,,,2,0,35,0,0,0,0,,,,3,
Dalvin Cook,3,Joel Gitar,RB,BN,0.0,0,,,,,,,0,,0,0,,0,0,,,,,,,,,0,0,0,0,0,0,0,,,,0,
Tyler Boyd,3,Joel Gitar,WR,BN,11.6,0,,,,,,,0,,0,0,,0,0,,,,,,,,,4,1,36,0,0,0,0,,,,6,
Josh Jacobs,3,Joel Gitar,RB,BN,0.0,0,,,,,,,0,,0,0,,0,0,,,,,,,,,0,0,0,0,0,0,0,,,,0,
Baker Mayfield,3,Joel Gitar,QB,BN,16.94,0,,,,,,,0,,0,0,,1,246,,,,,,,,,0,0,0,0,4,0,31,,,,0,
Henry Ruggs III,3,Joel Gitar,WR,BN,10.5,0,,,,,,,0,,0,0,,0,0,,,,,,,,,4,0,78,0,1,0,7,,,,7,
Matt Gay,3,Joel Gitar,K,K,11.0,,,0,1,0,1,0,,,,,4,,,,,,,,,,,,,,,,,,,,,,
Denver,3,Joel Gitar,DEF,DEF,19.0,,0,,,,,,,0,,2,,,,0,1,0,0,0,0,0,0,,,,0,,,,5,0,0,,0
Lamar Jackson,3,Collin,QB,QB,20.28,0,,,,,,,0,,0,1,,1,287,,,,,,,,,0,0,0,0,7,0,58,,,,0,
Brandin Cooks,3,Collin,WR,WR,16.2,0,,,,,,,0,,0,0,,0,0,,,,,,,,,9,0,112,0,1,0,5,,,,11,
Marvin Jones Jr.,3,Collin,WR,WR,9.2,0,,,,,,,0,,0,0,,0,0,,,,,,,,,6,0,62,0,0,0,0,,,,8,
Ezekiel Elliott,3,Collin,RB,RB,25.1,0,,,,,,,0,,0,0,,0,0,,,,,,,,,3,0,21,0,17,2,95,,,,3,
Clyde Edwards-Helaire,3,Collin,RB,RB,15.9,0,,,,,,,1,,0,0,,0,0,,,,,,,,,2,1,9,0,17,0,100,,,,2,
George Kittle,3,Collin,TE,TE,13.6,0,,,,,,,0,,0,0,,0,0,,,,,,,,,7,0,92,0,1,0,9,,,,9,
Keenan Allen,3,Collin,WR,W/R/T,15.0,0,,,,,,,0,,0,0,,0,0,,,,,,,,,8,1,50,0,0,0,0,,,,12,
Sterling Shepard,3,Collin,WR,BN,2.6,0,,,,,,,0,,0,0,,0,0,,,,,,,,,2,0,16,0,0,0,0,,,,3,
Diontae Johnson,3,Collin,WR,BN,0.0,0,,,,,,,0,,0,0,,0,0,,,,,,,,,0,0,0,0,0,0,0,,,,0,
Javonte Williams,3,Collin,RB,BN,11.7,0,,,,,,,1,,0,0,,0,0,,,,,,,,,3,0,33,0,12,1,29,,,,4,
Ja'Marr Chase,3,Collin,WR,BN,20.5,0,,,,,,,0,,0,0,,0,0,,,,,,,,,4,2,65,0,0,0,0,,,,5,
Joe Burrow,3,Collin,QB,BN,18.58,0,,,,,,,0,,0,1,,3,172,,,,,,,,,0,0,0,0,5,0,7,,,,0,
Sony Michel,3,Collin,RB,BN,9.4,0,,,,,,,0,,0,0,,0,0,,,,,,,,,3,0,12,0,20,0,67,,,,4,
Daniel Carlson,3,Collin,K,K,13.0,,,0,1,1,0,1,,,,,2,,,,,,,,,,,,,,,,,,,,,,
New Orleans,3,Collin,DEF,DEF,20.0,,1,,,,,,,0,,3,,,,13,0,0,0,0,0,0,1,,,,0,,,,2,0,1,,0
Michael Gallup,3,Collin,WR,IR,0.0,0,,,,,,,0,,0,0,,0,0,,,,,,,,,0,0,0,0,0,0,0,,,,0,
Justin Herbert,3,Alex,QB,QB,30.84,1,,,,,,,0,,0,0,,4,281,,,,,,,,,0,0,0,0,4,0,16,,,,0,
Davante Adams,3,Alex,WR,WR,25.2,0,,,,,,,0,,0,0,,0,0,,,,,,,,,12,1,132,0,0,0,0,,,,18,
Justin Jefferson,3,Alex,WR,WR,22.3,0,,,,,,,0,,0,0,,0,0,,,,,,,,,9,1,118,0,0,0,0,,,,11,
Derrick Henry,3,Alex,RB,RB,17.9,1,,,,,,,0,,0,0,,0,0,,,,,,,,,3,0,31,0,28,0,113,,,,3,
James Robinson,3,Alex,RB,RB,22.4,0,,,,,,,0,,0,0,,0,0,,,,,,,,,6,0,46,0,15,1,88,,,,6,
Jonnu Smith,3,Alex,TE,TE,0.9,0,,,,,,,0,,0,0,,0,0,,,,,,,,,1,0,4,0,0,0,0,,,,6,
DJ Moore,3,Alex,WR,W/R/T,16.5,0,,,,,,,0,,0,0,,0,0,,,,,,,,,8,0,126,0,1,0,-1,,,,12,
Courtland Sutton,3,Alex,WR,BN,6.2,0,,,,,,,0,,0,0,,0,0,,,,,,,,,5,0,37,0,0,0,0,,,,5,
Ryan Fitzpatrick,3,Alex,QB,BN,0.0,0,,,,,,,0,,0,0,,0,0,,,,,,,,,0,0,0,0,0,0,0,,,,0,
Kenyan Drake,3,Alex,RB,BN,7.2,0,,,,,,,0,,0,0,,0,0,,,,,,,,,3,0,33,0,8,0,24,,,,6,
DeVonta Smith,3,Alex,WR,BN,4.3,0,,,,,,,0,,0,0,,0,0,,,,,,,,,3,0,28,0,0,0,0,,,,6,
Hunter Henry,3,Alex,TE,BN,6.1,0,,,,,,,0,,0,0,,0,0,,,,,,,,,5,0,36,0,0,0,0,,,,6,
Justin Jackson,3,Alex,RB,BN,0.0,0,,,,,,,0,,0,0,,0,0,,,,,,,,,0,0,0,0,2,0,0,,,,0,
Robbie Gould,3,Alex,K,K,4.0,,,0,0,0,0,0,,,,,4,,,,,,,,,,,,,,,,,,,,,,
Arizona,3,Alex,DEF,DEF,21.0,,0,,,,,,,2,,2,,,,13,0,0,0,0,0,0,1,,,,0,,,,3,0,1,,0
Dak Prescott,3,Tony Smith,QB,QB,20.12,0,,,,,,,1,,0,0,,3,238,,,,,,,,,0,0,0,0,9,0,6,,,,0,
CeeDee Lamb,3,Tony Smith,WR,WR,8.0,0,,,,,,,0,,0,0,,0,0,,,,,,,,,3,0,66,0,1,0,-1,,,,3,
Calvin Ridley,3,Tony Smith,WR,WR,10.1,0,,,,,,,0,,0,0,,0,0,,,,,,,,,8,0,61,0,0,0,0,,,,11,
Aaron Jones,3,Tony Smith,RB,RB,16.6,0,,,,,,,0,,0,0,,0,0,,,,,,,,,2,0,14,0,19,1,82,,,,2,
Chris Carson,3,Tony Smith,RB,RB,15.2,0,,,,,,,0,,0,0,,0,0,,,,,,,,,2,0,2,0,12,1,80,,,,2,
Logan Thomas,3,Tony Smith,TE,TE,10.2,0,,,,,,,1,,0,0,,0,0,,,,,,,,,4,1,42,0,0,0,0,,,,4,
Miles Sanders,3,Tony Smith,RB,W/R/T,7.0,0,,,,,,,0,,0,0,,0,0,,,,,,,,,3,0,28,0,2,0,27,,,,4,
Robert Woods,3,Tony Smith,WR,BN,5.3,0,,,,,,,0,,0,0,,0,0,,,,,,,,,3,0,33,0,1,0,5,,,,6,
Deebo Samuel,3,Tony Smith,WR,BN,7.7,0,,,,,,,0,,0,0,,0,0,,,,,,,,,5,0,52,0,2,0,0,,,,10,
Aaron Rodgers,3,Tony Smith,QB,BN,18.54,0,,,,,,,0,,0,0,,2,261,,,,,,,,,1,0,-4,0,0,0,0,,,,1,
Dallas Goedert,3,Tony Smith,TE,BN,7.6,0,,,,,,,0,,0,0,,0,0,,,,,,,,,2,0,66,0,0,0,0,,,,4,
Jamaal Williams,3,Tony Smith,RB,BN,13.7,0,,,,,,,0,,0,0,,0,0,,,,,,,,,2,0,25,0,12,1,42,,,,2,
Michael Pittman Jr.,3,Tony Smith,WR,BN,10.3,0,,,,,,,0,,0,0,,0,0,,,,,,,,,6,0,68,0,1,0,5,,,,12,
Harrison Butker,3,Tony Smith,K,K,6.0,,,0,0,1,0,0,,,,,3,,,,,,,,,,,,,,,,,,,,,,
Pittsburgh,3,Tony Smith,DEF,DEF,2.0,,0,,,,,,,0,,1,,,,24,0,0,0,1,0,0,0,,,,0,,,,0,0,0,,0
Russell Wilson,3,Samuel,QB,QB,16.62,0,,,,,,,0,,0,0,,1,298,,,,,,,,,0,0,0,0,3,0,7,,,,0,
Tyler Lockett,3,Samuel,WR,WR,5.1,0,,,,,,,0,,0,0,,0,0,,,,,,,,,4,0,31,0,0,0,0,,,,4,
Chase Claypool,3,Samuel,WR,WR,14.1,0,,,,,,,0,,0,0,,0,0,,,,,,,,,9,0,96,0,0,0,0,,,,15,
Austin Ekeler,3,Samuel,RB,RB,19.7,0,,,,,,,0,,0,0,,0,0,,,,,,,,,6,1,52,0,11,0,55,,,,6,
Mike Davis,3,Samuel,RB,RB,9.0,0,,,,,,,0,,0,0,,0,0,,,,,,,,,4,0,20,0,12,0,50,,,,4,
Darren Waller,3,Samuel,TE,TE,7.9,0,,,,,,,0,,0,0,,0,0,,,,,,,,,5,0,54,0,0,0,0,,,,7,
Damien Harris,3,Samuel,RB,W/R/T,2.1,0,,,,,,,0,,0,0,,0,0,,,,,,,,,2,0,-3,0,6,0,14,,,,2,
Tee Higgins,3,Samuel,WR,BN,0.0,0,,,,,,,0,,0,0,,0,0,,,,,,,,,0,0,0,0,0,0,0,,,,0,
Antonio Brown,3,Samuel,WR,BN,0.0,0,,,,,,,0,,0,0,,0,0,,,,,,,,,0,0,0,0,0,0,0,,,,0,
Myles Gaskin,3,Samuel,RB,BN,8.9,0,,,,,,,0,,0,0,,0,0,,,,,,,,,3,0,9,0,13,0,65,,,,6,
Jalen Hurts,3,Samuel,QB,BN,22.54,0,,,,,,,0,,0,2,,2,326,,,,,,,,,0,0,0,0,9,0,35,,,,0,
Jakobi Meyers,3,Samuel,WR,BN,13.9,0,,,,,,,0,,0,0,,0,0,,,,,,,,,9,0,94,0,0,0,0,,,,14,
Trey Sermon,3,Samuel,RB,BN,10.4,0,,,,,,,0,,0,0,,0,0,,,,,,,,,2,0,3,0,10,1,31,,,,3,
Justin Tucker,3,Samuel,K,K,17.0,,,0,0,2,0,2,,,,,1,,,,,,,,,,,,,,,,,,,,,,
Buffalo,3,Samuel,DEF,DEF,7.0,,0,,,,,,,1,,2,,,,21,0,0,0,1,0,0,0,,,,0,,,,1,0,0,,0
Patrick Mahomes,3,brandon,QB,QB,24.9,0,,,,,,,0,,0,2,,3,260,,,,,,,,,0,0,0,0,4,0,45,,,,0,
Chris Godwin,3,brandon,WR,WR,16.6,0,,,,,,,0,,0,0,,0,0,,,,,,,,,6,0,74,0,1,1,2,,,,7,
Allen Robinson II,3,brandon,WR,WR,3.7,0,,,,,,,0,,0,0,,0,0,,,,,,,,,2,0,27,0,0,0,0,,,,6,
Saquon Barkley,3,brandon,RB,RB,18.4,0,,,,,,,0,,0,0,,0,0,,,,,,,,,6,0,43,0,16,1,51,,,,7,
Tony Pollard,3,brandon,RB,RB,7.0,0,,,,,,,0,,0,0,,0,0,,,,,,,,,1,0,5,0,11,0,60,,,,1,
T.J. Hockenson,3,brandon,TE,TE,2.0,0,,,,,,,0,,0,0,,0,0,,,,,,,,,2,0,10,0,0,0,0,,,,2,
Kareem Hunt,3,brandon,RB,W/R/T,24.5,0,,,,,,,0,,0,0,,0,0,,,,,,,,,6,0,74,0,10,1,81,,,,7,
Eli Mitchell,3,brandon,RB,BN,0.0,0,,,,,,,0,,0,0,,0,0,,,,,,,,,0,0,0,0,0,0,0,,,,0,
Ronald Jones II,3,brandon,RB,BN,1.1,0,,,,,,,0,,0,0,,0,0,,,,,,,,,0,0,0,0,5,0,11,,,,0,
Gerald Everett,3,brandon,TE,BN,7.9,0,,,,,,,0,,0,0,,0,0,,,,,,,,,5,0,54,0,0,0,0,,,,5,
Kenny Golladay,3,brandon,WR,BN,8.4,0,,,,,,,0,,0,0,,0,0,,,,,,,,,4,0,64,0,0,0,0,,,,5,
Jameis Winston,3,brandon,QB,BN,13.52,0,,,,,,,0,,0,0,,2,128,,,,,,,,,0,0,0,0,5,0,4,,,,0,
Younghoe Koo,3,brandon,K,K,6.0,,,0,0,0,1,0,,,,,2,,,,,,,,,,,,,,,,,,,,,,
Los Angeles,3,brandon,DEF,DEF,3.0,,0,,,,,,,0,,0,,,,24,0,0,0,1,0,0,0,,,,0,,,,3,0,0,,0
Jarvis Landry,3,brandon,WR,IR,0.0,0,,,,,,,0,,0,0,,0,0,,,,,,,,,0,0,0,0,0,0,0,,,,0,
Josh Allen,4,Brimbry,QB,QB,21.02,0,,,,,,,0,,0,1,,2,248,,,,,,,,,0,0,0,0,6,0,41,,,,0,
Odell Beckham Jr.,4,Brimbry,WR,WR,4.1,0,,,,,,,0,,0,0,,0,0,,,,,,,,,2,0,27,0,1,0,4,,,,7,
Stefon Diggs,4,Brimbry,WR,WR,14.9,0,,,,,,,0,,0,0,,0,0,,,,,,,,,7,0,114,0,0,0,0,,,,10,
Jonathan Taylor,4,Brimbry,RB,RB,18.9,0,,,,,,,0,,0,0,,0,0,,,,,,,,,3,0,11,0,16,1,103,,,,3,
D'Andre Swift,4,Brimbry,RB,RB,6.9,0,,,,,,,0,,0,0,,0,0,,,,,,,,,4,0,33,0,8,0,16,,,,6,
Noah Fant,4,Brimbry,TE,TE,13.6,0,,,,,,,0,,0,0,,0,0,,,,,,,,,6,1,46,0,0,0,0,,,,10,
Jaylen Waddle,4,Brimbry,WR,W/R/T,4.8,0,,,,,,,0,,0,0,,0,0,,,,,,,,,3,0,33,0,0,0,0,,,,4,
Zack Moss,4,Brimbry,RB,BN,12.1,0,,,,,,,0,,0,0,,0,0,,,,,,,,,0,0,0,0,14,1,61,,,,1,
Tim Patrick,4,Brimbry,WR,BN,5.4,0,,,,,,,0,,0,0,,0,0,,,,,,,,,3,0,39,0,0,0,0,,,,6,
Marquise Brown,4,Brimbry,WR,BN,17.1,0,,,,,,,0,,0,0,,0,0,,,,,,,,,4,1,91,0,0,0,0,,,,5,
Ty'Son Williams,4,Brimbry,RB,BN,0.0,0,,,,,,,0,,0,0,,0,0,,,,,,,,,0,0,0,0,0,0,0,,,,0,
A.J. Brown,4,Brimbry,WR,BN,0.0,0,,,,,,,0,,0,0,,0,0,,,,,,,,,0,0,0,0,0,0,0,,,,0,
Tyler Bass,4,Brimbry,K,K,16.0,,,0,3,1,0,0,,,,,4,,,,,,,,,,,,,,,,,,,,,,
Cincinnati,4,Brimbry,DEF,DEF,1.0,,0,,,,,,,0,,0,,,,21,0,0,0,1,0,0,0,,,,0,,,,1,0,0,,0
Tampa Bay,4,Brimbry,DEF,BN,9.0,,0,,,,,,,1,,1,,,,17,0,0,1,0,0,0,0,,,,0,,,,4,0,0,,0
Jerry Jeudy,4,Brimbry,WR,IR,0.0,0,,,,,,,0,,0,0,,0,0,,,,,,,,,0,0,0,0,0,0,0,,,,0,
Tom Brady,4,Joel Gitar,QB,QB,11.06,0,,,,,,,0,,0,0,,0,269,,,,,,,,,0,0,0,0,4,0,3,,,,0,
DK Metcalf,4,Joel Gitar,WR,WR,14.5,0,,,,,,,0,,0,0,,0,0,,,,,,,,,4,1,65,0,0,0,0,,,,8,
Terry McLaurin,4,Joel Gitar,WR,WR,27.3,0,,,,,,,0,,0,0,,0,0,,,,,,,,,6,2,123,0,0,0,0,,,,13,
Najee Harris,4,Joel Gitar,RB,RB,18.1,0,,,,,,,0,,0,0,,0,0,,,,,,,,,6,0,29,0,15,1,62,,,,7,
Dalvin Cook,4,Joel Gitar,RB,RB,5.4,0,,,,,,,0,,0,0,,0,0,,,,,,,,,2,0,10,0,9,0,34,,,,6,
Kyle Pitts,4,Joel Gitar,TE,TE,7.0,0,,,,,,,0,,0,0,,0,0,,,,,,,,,4,0,50,0,0,0,0,,,,9,
Tyler Boyd,4,Joel Gitar,WR,W/R/T,16.3,0,,,,,,,0,,0,0,,0,0,,,,,,,,,9,0,118,0,0,0,0,,,,11,
Melvin Gordon III,4,Joel Gitar,RB,BN,7.7,0,,,,,,,0,,0,0,,0,0,,,,,,,,,2,0,11,0,9,0,56,,,,4,
JuJu Smith-Schuster,4,Joel Gitar,WR,BN,2.1,0,,,,,,,0,,0,0,,0,0,,,,,,,,,2,0,11,0,0,0,0,,,,8,
Baker Mayfield,4,Joel Gitar,QB,BN,9.3,1,,,,,,,0,,0,0,,0,155,,,,,,,,,0,0,0,0,2,0,11,,,,0,
Henry Ruggs III,4,Joel Gitar,WR,BN,7.5,0,,,,,,,0,,0,0,,0,0,,,,,,,,,3,0,60,0,0,0,0,,,,6,
Josh Jacobs,4,Joel Gitar,RB,BN,8.2,0,,,,,,,0,,0,0,,0,0,,,,,,,,,5,0,17,0,13,0,40,,,,5,
Mike Gesicki,4,Joel Gitar,TE,BN,14.2,0,,,,,,,0,,0,0,,0,0,,,,,,,,,5,1,57,0,0,0,0,,,,6,
Matt Gay,4,Joel Gitar,K,K,9.0,,,0,1,0,1,0,,,,,2,,,,,,,,,,,,,,,,,,,,,,
Denver,4,Joel Gitar,DEF,DEF,3.0,,0,,,,,,,0,,0,,,,23,0,0,0,1,0,0,0,,,,0,,,,3,0,0,,0
Rob Gronkowski,4,Joel Gitar,TE,IR,0.0,0,,,,,,,0,,0,0,,0,0,,,,,,,,,0,0,0,0,0,0,0,,,,0,
Kyler Murray,4,David,QB,QB,22.62,0,,,,,,,0,,0,0,,2,268,,,,,,,,,0,0,0,0,6,0,39,,,,0,
DeAndre Hopkins,4,David,WR,WR,8.7,0,,,,,,,0,,0,0,,0,0,,,,,,,,,4,0,67,0,0,0,0,,,,7,
Corey Davis,4,David,WR,WR,19.1,0,,,,,,,0,,0,0,,0,0,,,,,,,,,4,1,111,0,0,0,0,,,,7,
Joe Mixon,4,David,RB,RB,13.2,0,,,,,,,0,,0,0,,0,0,,,,,,,,,1,0,0,0,16,1,67,,,,2,
Antonio Gibson,4,David,RB,RB,14.5,0,,,,,,,0,,0,0,,0,0,,,,,,,,,2,0,12,0,14,1,63,,,,2,
Dawson Knox,4,David,TE,TE,18.2,0,,,,,,,0,,0,0,,0,0,,,,,,,,,5,2,37,0,0,0,0,,,,8,
Chuba Hubbard,4,David,RB,W/R/T,8.1,0,,,,,,,0,,0,0,,0,0,,,,,,,,,2,0,14,0,13,0,57,,,,2,
Tyler Higbee,4,David,TE,BN,5.6,0,,,,,,,0,,0,0,,0,0,,,,,,,,,4,0,36,0,0,0,0,,,,6,
Amari Cooper,4,David,WR,BN,14.4,0,,,,,,,0,,0,0,,0,0,,,,,,,,,3,1,69,0,0,0,0,,,,3,
Darrell Henderson Jr.,4,David,RB,BN,14.1,0,,,,,,,0,,0,0,,0,0,,,,,,,,,5,0,27,0,14,0,89,,,,6,
Brandon Aiyuk,4,David,WR,BN,2.0,0,,,,,,,0,,0,0,,0,0,,,,,,,,,1,0,15,0,0,0,0,,,,3,
Alexander Mattison,4,David,RB,BN,2.0,0,,,,,,,0,,0,0,,0,0,,,,,,,,,0,0,0,0,10,0,20,,,,0,
Cordarrelle Patterson,4,David,WR,BN,32.1,0,,,,,,,0,,0,0,,0,0,,,,,,,,,5,3,82,0,6,0,34,,,,6,
Greg Zuerlein,4,David,K,K,6.0,,,0,0,1,0,0,,,,,3,,,,,,,,,,,,,,,,,,,,,,
Chicago,4,David,DEF,DEF,9.0,,0,,,,,,,2,,0,,,,14,0,0,1,0,0,0,0,,,,0,,,,4,0,0,,0
James White,4,David,RB,IR,0.0,0,,,,,,,0,,0,0,,0,0,,,,,,,,,0,0,0,0,0,0,0,,,,0,
Michael Thomas,4,David,WR,IR,0.0,0,,,,,,,0,,0,0,,0,0,,,,,,,,,0,0,0,0,0,0,0,,,,0,
Ryan Tannehill,4,David,QB,QB,18.82,1,,,,,,,0,,0,0,,1,298,,,,,,,,,0,0,0,0,3,0,9,,,,0,
Tyreek Hill,4,David,WR,WR,42.1,0,,,,,,,0,,0,0,,0,0,,,,,,,,,11,3,186,0,0,0,0,,,,12,
Mike Evans,4,David,WR,WR,11.0,0,,,,,,,0,,0,0,,0,0,,,,,,,,,7,0,75,0,0,0,0,,,,12,
Alvin Kamara,4,David,RB,RB,12.0,0,,,,,,,0,,0,0,,0,0,,,,,,,,,0,0,0,0,26,0,120,,,,0,
David Montgomery,4,David,RB,RB,22.6,0,,,,,,,0,,0,0,,0,0,,,,,,,,,0,0,0,0,23,2,106,,,,0,
Mark Andrews,4,David,TE,TE,9.2,0,,,,,,,0,,0,0,,0,0,,,,,,,,,5,0,67,0,0,0,0,,,,8,
Leonard Fournette,4,David,RB,W/R/T,15.3,0,,,,,,,0,,0,0,,0,0,,,,,,,,,3,0,47,0,20,0,91,,,,5,
Julio Jones,4,David,WR,BN,0.0,0,,,,,,,0,,0,0,,0,0,,,,,,,,,0,0,0,0,0,0,0,,,,0,
Will Fuller V,4,David,WR,BN,1.1,0,,,,,,,0,,0,0,,0,0,,,,,,,,,1,0,6,0,0,0,0,,,,2,
James Conner,4,David,RB,BN,19.6,0,,,,,,,0,,0,0,,0,0,,,,,,,,,2,0,16,0,18,2,50,,,,2,
Matt Ryan,4,David,QB,BN,29.02,0,,,,,,,0,,0,0,,4,283,,,,,,,,,0,0,0,0,1,0,17,,,,0,
Jared Cook,4,David,TE,BN,16.0,0,,,,,,,0,,0,0,,0,0,,,,,,,,,6,1,70,0,0,0,0,,,,7,
Devonta Freeman,4,David,RB,BN,0.4,0,,,,,,,0,,0,0,,0,0,,,,,,,,,0,0,0,0,1,0,4,,,,0,
Ryan Succop,4,David,K,K,15.0,,,0,2,0,2,0,,,,,1,,,,,,,,,,,,,,,,,,,,,,
San Francisco,4,David,DEF,DEF,2.0,,0,,,,,,,0,,0,,,,28,0,0,0,0,1,0,0,,,,0,,,,3,0,0,,0
Matthew Stafford,4,Steve-Dave,QB,QB,20.3,0,,,,,,,0,,0,1,,2,280,,,,,,,,,0,0,0,0,6,0,21,,,,0,
Cooper Kupp,4,Steve-Dave,WR,WR,8.9,0,,,,,,,0,,0,0,,0,0,,,,,,,,,5,0,64,0,0,0,0,,,,13,
Adam Thielen,4,Steve-Dave,WR,WR,6.1,0,,,,,,,0,,0,0,,0,0,,,,,,,,,3,0,46,0,0,0,0,,,,8,
Nick Chubb,4,Steve-Dave,RB,RB,11.0,0,,,,,,,0,,0,0,,0,0,,,,,,,,,1,0,5,0,21,0,100,,,,1,
Chase Edmonds,4,Steve-Dave,RB,RB,15.9,0,,,,,,,0,,0,0,,0,0,,,,,,,,,4,0,19,0,12,0,120,,,,5,
Travis Kelce,4,Steve-Dave,TE,TE,4.3,0,,,,,,,0,,0,0,,0,0,,,,,,,,,4,0,23,0,0,0,0,,,,6,
Mike Williams,4,Steve-Dave,WR,W/R/T,1.6,0,,,,,,,0,,0,0,,0,0,,,,,,,,,1,0,11,0,0,0,0,,,,4,
Christian McCaffrey,4,Steve-Dave,RB,BN,0.0,0,,,,,,,0,,0,0,,0,0,,,,,,,,,0,0,0,0,0,0,0,,,,0,
Justin Fields,4,Steve-Dave,QB,BN,8.26,0,,,,,,,0,,0,1,,0,209,,,,,,,,,0,0,0,0,3,0,9,,,,0,
Marquez Callaway,4,Steve-Dave,WR,BN,8.4,0,,,,,,,0,,0,0,,0,0,,,,,,,,,2,0,74,0,0,0,0,,,,2,
Evan Engram,4,Steve-Dave,TE,BN,4.9,0,,,,,,,0,,0,0,,0,0,,,,,,,,,5,0,27,0,1,0,-3,,,,6,
Le'Veon Bell,4,Steve-Dave,RB,BN,1.1,0,,,,,,,0,,0,0,,0,0,,,,,,,,,0,0,0,0,4,0,11,,,,1,
Cole Beasley,4,Steve-Dave,WR,BN,2.6,0,,,,,,,0,,0,0,,0,0,,,,,,,,,2,0,16,0,0,0,0,,,,2,
Matt Prater,4,Steve-Dave,K,K,15.0,,,0,2,0,0,1,,,,,4,,,,,,,,,,,,,,,,,,,,,,
Tennessee,4,Steve-Dave,DEF,DEF,3.0,,0,,,,,,,0,,1,,,,27,0,0,0,1,0,0,0,,,,0,,,,1,0,0,,0
Rashaad Penny,4,Steve-Dave,RB,IR,0.0,0,,,,,,,0,,0,0,,0,0,,,,,,,,,0,0,0,0,0,0,0,,,,0,
Patrick Mahomes,4,brandon,QB,QB,32.72,0,,,,,,,0,,0,1,,5,278,,,,,,,,,0,0,0,0,5,0,26,,,,0,
Chris Godwin,4,brandon,WR,WR,7.0,0,,,,,,,0,,0,0,,0,0,,,,,,,,,3,0,55,0,0,0,0,,,,5,
Allen Robinson II,4,brandon,WR,WR,7.8,0,,,,,,,0,,0,0,,0,0,,,,,,,,,3,0,63,0,0,0,0,,,,3,
Saquon Barkley,4,brandon,RB,RB,27.1,0,,,,,,,0,,0,0,,0,0,,,,,,,,,5,1,74,0,13,1,52,,,,6,
Kareem Hunt,4,brandon,RB,RB,15.6,0,,,,,,,0,,0,0,,0,0,,,,,,,,,2,0,17,0,14,1,69,,,,4,
T.J. Hockenson,4,brandon,TE,TE,6.2,0,,,,,,,0,,0,0,,0,0,,,,,,,,,4,0,42,0,0,0,0,,,,8,
Kenny Golladay,4,brandon,WR,W/R/T,14.6,0,,,,,,,0,,0,0,,0,0,,,,,,,,,6,0,116,0,0,0,0,,,,7,
Tony Pollard,4,brandon,RB,BN,6.7,0,,,,,,,0,,0,0,,0,0,,,,,,,,,0,0,0,0,10,0,67,,,,0,
Eli Mitchell,4,brandon,RB,BN,0.0,0,,,,,,,0,,0,0,,0,0,,,,,,,,,0,0,0,0,0,0,0,,,,0,
Ronald Jones II,4,brandon,RB,BN,8.5,0,,,,,,,0,,0,0,,0,0,,,,,,,,,0,0,0,0,6,1,25,,,,0,
Gerald Everett,4,brandon,TE,BN,0.0,0,,,,,,,0,,0,0,,0,0,,,,,,,,,0,0,0,0,0,0,0,,,,0,
Jameis Winston,4,brandon,QB,BN,13.04,0,,,,,,,0,,0,0,,1,226,,,,,,,,,0,0,0,0,0,0,0,,,,0,
Nyheim Hines,4,brandon,RB,BN,0.1,0,,,,,,,1,,0,0,,0,0,,,,,,,,,2,0,5,0,2,0,6,,,,2,
Younghoe Koo,4,brandon,K,K,6.0,,,0,1,0,0,0,,,,,3,,,,,,,,,,,,,,,,,,,,,,
Los Angeles,4,brandon,DEF,DEF,-1.0,,0,,,,,,,0,,0,,,,37,0,0,0,0,0,1,0,,,,0,,,,3,0,0,,0
Jarvis Landry,4,brandon,WR,IR,0.0,0,,,,,,,0,,0,0,,0,0,,,,,,,,,0,0,0,0,0,0,0,,,,0,
Justin Herbert,4,Alex,QB,QB,21.28,0,,,,,,,0,,0,0,,3,222,,,,,,,,,0,0,0,0,3,0,4,,,,0,
Davante Adams,4,Alex,WR,WR,9.4,0,,,,,,,0,,0,0,,0,0,,,,,,,,,6,0,64,0,0,0,0,,,,11,
Justin Jefferson,4,Alex,WR,WR,17.4,0,,,,,,,0,,0,0,,0,0,,,,,,,,,6,1,84,0,0,0,0,,,,7,
Derrick Henry,4,Alex,RB,RB,24.7,0,,,,,,,0,,0,0,,0,0,,,,,,,,,2,0,20,0,33,1,157,,,,2,
James Robinson,4,Alex,RB,RB,20.1,0,,,,,,,0,,0,0,,0,0,,,,,,,,,1,0,-2,0,18,2,78,,,,2,
Hunter Henry,4,Alex,TE,TE,11.2,0,,,,,,,0,,0,0,,0,0,,,,,,,,,4,1,32,0,0,0,0,,,,5,
DJ Moore,4,Alex,WR,W/R/T,27.9,0,,,,,,,0,,0,0,,0,0,,,,,,,,,8,2,113,0,1,0,6,,,,12,
Courtland Sutton,4,Alex,WR,BN,6.2,0,,,,,,,0,,0,0,,0,0,,,,,,,,,3,0,47,0,0,0,0,,,,8,
Kenyan Drake,4,Alex,RB,BN,0.2,0,,,,,,,0,,0,0,,0,0,,,,,,,,,0,0,0,0,1,0,2,,,,0,
DeVonta Smith,4,Alex,WR,BN,15.7,0,,,,,,,0,,0,0,,0,0,,,,,,,,,7,0,122,0,0,0,0,,,,10,
Josh Gordon,4,Alex,WR,BN,0.0,0,,,,,,,0,,0,0,,0,0,,,,,,,,,0,0,0,0,0,0,0,,,,0,
Dan Arnold,4,Alex,TE,BN,3.9,0,,,,,,,0,,0,0,,0,0,,,,,,,,,2,0,29,0,0,0,0,,,,2,
Robbie Gould,4,Alex,K,K,0.0,,,0,0,0,0,0,,,,,0,,,,,,,,,,,,,,,,,,,,,,
Green Bay,4,Alex,DEF,DEF,7.0,,0,,,,,,,1,,1,,,,17,0,0,1,0,0,0,0,,,,0,,,,2,0,0,,0
Arizona,4,Alex,DEF,BN,5.0,,0,,,,,,,1,,1,,,,20,0,0,1,0,0,0,0,,,,0,,,,0,0,0,,0
Ryan Fitzpatrick,4,Alex,QB,IR,0.0,0,,,,,,,0,,0,0,,0,0,,,,,,,,,0,0,0,0,0,0,0,,,,0,
Lamar Jackson,4,Collin,QB,QB,19.44,0,,,,,,,0,,0,0,,1,316,,,,,,,,,0,0,0,0,7,0,28,,,,0,
Brandin Cooks,4,Collin,WR,WR,7.2,0,,,,,,,0,,0,0,,0,0,,,,,,,,,5,0,47,0,0,0,0,,,,7,
Ja'Marr Chase,4,Collin,WR,WR,10.7,0,,,,,,,0,,0,0,,0,0,,,,,,,,,6,0,77,0,0,0,0,,,,9,
Ezekiel Elliott,4,Collin,RB,RB,20.3,0,,,,,,,0,,0,0,,0,0,,,,,,,,,0,0,0,0,20,1,143,,,,1,
Clyde Edwards-Helaire,4,Collin,RB,RB,18.4,0,,,,,,,0,,0,0,,0,0,,,,,,,,,2,1,12,0,14,0,102,,,,3,
George Kittle,4,Collin,TE,TE,6.0,0,,,,,,,0,,0,0,,0,0,,,,,,,,,4,0,40,0,0,0,0,,,,11,
Keenan Allen,4,Collin,WR,W/R/T,7.1,0,,,,,,,0,,0,0,,0,0,,,,,,,,,7,0,36,0,0,0,0,,,,11,
Marvin Jones Jr.,4,Collin,WR,BN,3.9,0,,,,,,,0,,0,0,,0,0,,,,,,,,,3,0,24,0,0,0,0,,,,3,
Sterling Shepard,4,Collin,WR,BN,0.0,0,,,,,,,0,,0,0,,0,0,,,,,,,,,0,0,0,0,0,0,0,,,,0,
Diontae Johnson,4,Collin,WR,BN,19.7,0,,,,,,,0,,0,0,,0,0,,,,,,,,,9,1,92,0,0,0,0,,,,13,
Javonte Williams,4,Collin,RB,BN,7.4,0,,,,,,,0,,0,0,,0,0,,,,,,,,,3,0,11,0,7,0,48,,,,3,
Joe Burrow,4,Collin,QB,BN,22.32,0,,,,,,,0,,0,0,,2,348,,,,,,,,,0,0,0,0,3,0,4,,,,0,
Sony Michel,4,Collin,RB,BN,-0.9,0,,,,,,,1,,0,0,,0,0,,,,,,,,,0,0,0,0,3,0,11,,,,0,
Daniel Carlson,4,Collin,K,K,2.0,,,0,0,0,0,0,,,,,2,,,,,,,,,,,,,,,,,,,,,,
New Orleans,4,Collin,DEF,DEF,2.0,,0,,,,,,,0,,1,,,,27,0,0,0,1,0,0,0,,,,0,,,,0,0,0,,0
Michael Gallup,4,Collin,WR,IR,0.0,0,,,,,,,0,,0,0,,0,0,,,,,,,,,0,0,0,0,0,0,0,,,,0,
Jalen Hurts,4,Samuel,QB,QB,28.18,0,,,,,,,0,,0,0,,2,387,,,,,,,,,0,0,0,0,8,0,47,,,,0,
Tyler Lockett,4,Samuel,WR,WR,4.4,0,,,,,,,0,,0,0,,0,0,,,,,,,,,4,0,24,0,0,0,0,,,,5,
Jakobi Meyers,4,Samuel,WR,WR,12.8,0,,,,,,,0,,0,0,,0,45,,,,,,,,,8,0,70,0,0,0,0,,,,12,
Austin Ekeler,4,Samuel,RB,RB,28.0,0,,,,,,,0,,0,0,,0,0,,,,,,,,,3,1,28,0,15,1,117,,,,5,
Mike Davis,4,Samuel,RB,RB,9.6,0,,,,,,,0,,0,0,,0,0,,,,,,,,,2,1,12,0,13,0,14,,,,2,
Darren Waller,4,Samuel,TE,TE,13.0,0,,,,,,,0,,0,0,,0,0,,,,,,,,,4,1,50,0,0,0,0,,,,7,
Trey Sermon,4,Samuel,RB,W/R/T,8.9,0,,,,,,,0,,0,0,,0,0,,,,,,,,,0,0,0,0,19,0,89,,,,0,
Russell Wilson,4,Samuel,QB,BN,22.56,0,,,,,,,0,,0,0,,2,149,,,,,,,,,0,0,0,0,4,1,26,,,,0,
Damien Harris,4,Samuel,RB,BN,3.6,0,,,,,,,0,,0,0,,0,0,,,,,,,,,2,0,30,0,4,0,-4,,,,2,
Chase Claypool,4,Samuel,WR,BN,0.0,0,,,,,,,0,,0,0,,0,0,,,,,,,,,0,0,0,0,0,0,0,,,,0,
Tee Higgins,4,Samuel,WR,BN,0.0,0,,,,,,,0,,0,0,,0,0,,,,,,,,,0,0,0,0,0,0,0,,,,0,
Antonio Brown,4,Samuel,WR,BN,9.8,0,,,,,,,0,,0,0,,0,0,,,,,,,,,7,0,63,0,0,0,0,,,,11,
Myles Gaskin,4,Samuel,RB,BN,0.3,0,,,,,,,0,,0,0,,0,0,,,,,,,,,0,0,0,0,2,0,3,,,,0,
Justin Tucker,4,Samuel,K,K,13.0,,,0,1,0,2,0,,,,,2,,,,,,,,,,,,,,,,,,,,,,
Buffalo,4,Samuel,DEF,DEF,23.0,,0,,,,,,,1,,4,,,,0,1,0,0,0,0,0,0,,,,0,,,,3,0,0,,0
Dak Prescott,4,Tony Smith,QB,QB,27.02,0,,,,,,,0,,0,0,,4,188,,,,,,,,,0,0,0,0,4,0,35,,,,0,
CeeDee Lamb,4,Tony Smith,WR,WR,2.3,0,,,,,,,0,,0,0,,0,0,,,,,,,,,2,0,13,0,0,0,0,,,,5,
Calvin Ridley,4,Tony Smith,WR,WR,11.5,0,,,,,,,0,,0,0,,0,0,,,,,,,,,7,0,80,0,0,0,0,,,,13,
Aaron Jones,4,Tony Smith,RB,RB,9.4,0,,,,,,,1,,0,0,,0,0,,,,,,,,,3,0,51,0,15,0,48,,,,4,
Chris Carson,4,Tony Smith,RB,RB,3.6,0,,,,,,,0,,0,0,,0,0,,,,,,,,,1,0,1,0,13,0,30,,,,1,
Logan Thomas,4,Tony Smith,TE,TE,0.0,0,,,,,,,0,,0,0,,0,0,,,,,,,,,0,0,0,0,0,0,0,,,,0,
Deebo Samuel,4,Tony Smith,WR,W/R/T,31.7,0,,,,,,,0,,0,0,,0,0,,,,,,,,,8,2,156,0,1,0,1,,,,12,
Miles Sanders,4,Tony Smith,RB,BN,6.2,0,,,,,,,0,,0,0,,0,0,,,,,,,,,3,0,34,0,7,0,13,,,,3,
Robert Woods,4,Tony Smith,WR,BN,12.8,0,,,,,,,0,,0,0,,0,0,,,,,,,,,4,1,48,0,0,0,0,,,,6,
Aaron Rodgers,4,Tony Smith,QB,BN,24.12,0,,,,,,,0,,0,0,,2,248,,,,,,,,,0,0,0,0,3,1,2,,,,0,
Dallas Goedert,4,Tony Smith,TE,BN,14.1,0,,,,,,,0,,0,0,,0,0,,,,,,,,,5,1,56,0,0,0,0,,,,5,
Jamaal Williams,4,Tony Smith,RB,BN,6.6,0,,,,,,,0,,0,0,,0,0,,,,,,,,,0,0,0,0,14,0,66,,,,0,
Michael Pittman Jr.,4,Tony Smith,WR,BN,8.9,0,,,,,,,0,,0,0,,0,0,,,,,,,,,6,0,59,0,0,0,0,,,,8,
Harrison Butker,4,Tony Smith,K,K,6.0,,,0,0,0,0,0,,,,,6,,,,,,,,,,,,,,,,,,,,,,
Indianapolis,4,Tony Smith,DEF,DEF,8.0,,0,,,,,,,2,,0,,,,17,0,0,1,0,0,0,0,,,,0,,,,3,0,0,,0
